,against_bug,against_dark,against_dragon,against_electric,against_fairy,against_fight,against_fire,against_flying,against_ghost,against_grass,against_ground,against_ice,against_normal,against_poison,against_psychic,against_rock,against_steel,against_water,classfication,name,pokedex_number,type
0,1.0,1.0,1.0,0.5,0.5,0.5,2.0,2.0,1.0,0.25,1.0,2.0,1.0,1.0,2.0,1.0,1.0,0.5,Seed Pokémon,Bulbasaur,1,"['grass', 'poison']"
1,1.0,1.0,1.0,0.5,0.5,0.5,2.0,2.0,1.0,0.25,1.0,2.0,1.0,1.0,2.0,1.0,1.0,0.5,Seed Pokémon,Ivysaur,2,"['grass', 'poison']"
2,1.0,1.0,1.0,0.5,0.5,0.5,2.0,2.0,1.0,0.25,1.0,2.0,1.0,1.0,2.0,1.0,1.0,0.5,Seed Pokémon,Venusaur,3,"['grass', 'poison']"
3,0.5,1.0,1.0,1.0,0.5,1.0,0.5,1.0,1.0,0.5,2.0,0.5,1.0,1.0,1.0,2.0,0.5,2.0,Lizard Pokémon,Charmander,4,['fire']
4,0.5,1.0,1.0,1.0,0.5,1.0,0.5,1.0,1.0,0.5,2.0,0.5,1.0,1.0,1.0,2.0,0.5,2.0,Flame Pokémon,Charmeleon,5,['fire']
5,0.25,1.0,1.0,2.0,0.5,0.5,0.5,1.0,1.0,0.25,0.0,1.0,1.0,1.0,1.0,4.0,0.5,2.0,Flame Pokémon,Charizard,6,"['fire', 'flying']"
6,1.0,1.0,1.0,2.0,1.0,1.0,0.5,1.0,1.0,2.0,1.0,0.5,1.0,1.0,1.0,1.0,0.5,0.5,Tiny Turtle Pokémon,Squirtle,7,['water']
7,1.0,1.0,1.0,2.0,1.0,1.0,0.5,1.0,1.0,2.0,1.0,0.5,1.0,1.0,1.0,1.0,0.5,0.5,Turtle Pokémon,Wartortle,8,['water']
8,1.0,1.0,1.0,2.0,1.0,1.0,0.5,1.0,1.0,2.0,1.0,0.5,1.0,1.0,1.0,1.0,0.5,0.5,Shellfish Pokémon,Blastoise,9,['water']
9,1.0,1.0,1.0,1.0,1.0,0.5,2.0,2.0,1.0,0.5,0.5,1.0,1.0,1.0,1.0,2.0,1.0,1.0,Worm Pokémon,Caterpie,10,['bug']
10,1.0,1.0,1.0,1.0,1.0,0.5,2.0,2.0,1.0,0.5,0.5,1.0,1.0,1.0,1.0,2.0,1.0,1.0,Cocoon Pokémon,Metapod,11,['bug']
11,0.5,1.0,1.0,2.0,1.0,0.25,2.0,2.0,1.0,0.25,0.0,2.0,1.0,1.0,1.0,4.0,1.0,1.0,Butterfly Pokémon,Butterfree,12,"['bug', 'flying']"
12,0.5,1.0,1.0,1.0,0.5,0.25,2.0,2.0,1.0,0.25,1.0,1.0,1.0,0.5,2.0,2.0,1.0,1.0,Hairy Pokémon,Weedle,13,"['bug', 'poison']"
13,0.5,1.0,1.0,1.0,0.5,0.25,2.0,2.0,1.0,0.25,1.0,1.0,1.0,0.5,2.0,2.0,1.0,1.0,Cocoon Pokémon,Kakuna,14,"['bug', 'poison']"
14,0.5,1.0,1.0,1.0,0.5,0.25,2.0,2.0,1.0,0.25,1.0,1.0,1.0,0.5,2.0,2.0,1.0,1.0,Poison Bee Pokémon,Beedrill,15,"['bug', 'poison']"
15,0.5,1.0,1.0,2.0,1.0,1.0,1.0,1.0,0.0,0.5,0.0,2.0,1.0,1.0,1.0,2.0,1.0,1.0,Tiny Bird Pokémon,Pidgey,16,"['normal', 'flying']"
16,0.5,1.0,1.0,2.0,1.0,1.0,1.0,1.0,0.0,0.5,0.0,2.0,1.0,1.0,1.0,2.0,1.0,1.0,Bird Pokémon,Pidgeotto,17,"['normal', 'flying']"
17,0.5,1.0,1.0,2.0,1.0,1.0,1.0,1.0,0.0,0.5,0.0,2.0,1.0,1.0,1.0,2.0,1.0,1.0,Bird Pokémon,Pidgeot,18,"['normal', 'flying']"
18,1.0,1.0,1.0,1.0,1.0,2.0,1.0,1.0,0.0,1.0,1.0,1.0,1.0,1.0,1.0,1.0,1.0,1.0,Mouse Pokémon,Rattata,19,"['normal', 'dark']"
19,1.0,1.0,1.0,1.0,1.0,2.0,1.0,1.0,0.0,1.0,1.0,1.0,1.0,1.0,1.0,1.0,1.0,1.0,Mouse Pokémon,Raticate,20,"['normal', 'dark']"
20,0.5,1.0,1.0,2.0,1.0,1.0,1.0,1.0,0.0,0.5,0.0,2.0,1.0,1.0,1.0,2.0,1.0,1.0,Tiny Bird Pokémon,Spearow,21,"['normal', 'flying']"
21,0.5,1.0,1.0,2.0,1.0,1.0,1.0,1.0,0.0,0.5,0.0,2.0,1.0,1.0,1.0,2.0,1.0,1.0,Beak Pokémon,Fearow,22,"['normal', 'flying']"
22,0.5,1.0,1.0,1.0,0.5,0.5,1.0,1.0,1.0,0.5,2.0,1.0,1.0,0.5,2.0,1.0,1.0,1.0,Snake Pokémon,Ekans,23,['poison']
23,0.5,1.0,1.0,1.0,0.5,0.5,1.0,1.0,1.0,0.5,2.0,1.0,1.0,0.5,2.0,1.0,1.0,1.0,Cobra Pokémon,Arbok,24,['poison']
24,1.0,1.0,1.0,0.5,1.0,1.0,1.0,0.5,1.0,1.0,2.0,1.0,1.0,1.0,1.0,1.0,0.5,1.0,Mouse Pokémon,Pikachu,25,['electric']
25,1.0,1.0,1.0,0.5,1.0,1.0,1.0,0.5,1.0,1.0,2.0,1.0,1.0,1.0,1.0,1.0,0.5,1.0,Mouse Pokémon,Raichu,26,"['electric', 'electric']"
26,1.0,1.0,1.0,0.0,1.0,1.0,1.0,1.0,1.0,2.0,1.0,2.0,1.0,0.5,1.0,0.5,1.0,2.0,Mouse Pokémon,Sandshrew,27,"['ground', 'ice']"
27,1.0,1.0,1.0,0.0,1.0,1.0,1.0,1.0,1.0,2.0,1.0,2.0,1.0,0.5,1.0,0.5,1.0,2.0,Mouse Pokémon,Sandslash,28,"['ground', 'ice']"
28,0.5,1.0,1.0,1.0,0.5,0.5,1.0,1.0,1.0,0.5,2.0,1.0,1.0,0.5,2.0,1.0,1.0,1.0,Poison Pin Pokémon,Nidoran♀,29,['poison']
29,0.5,1.0,1.0,1.0,0.5,0.5,1.0,1.0,1.0,0.5,2.0,1.0,1.0,0.5,2.0,1.0,1.0,1.0,Poison Pin Pokémon,Nidorina,30,['poison']
30,0.5,1.0,1.0,0.0,0.5,0.5,1.0,1.0,1.0,1.0,2.0,2.0,1.0,0.25,2.0,0.5,1.0,2.0,Drill Pokémon,Nidoqueen,31,"['poison', 'ground']"
31,0.5,1.0,1.0,1.0,0.5,0.5,1.0,1.0,1.0,0.5,2.0,1.0,1.0,0.5,2.0,1.0,1.0,1.0,Poison Pin Pokémon,Nidoran♂,32,['poison']
32,0.5,1.0,1.0,1.0,0.5,0.5,1.0,1.0,1.0,0.5,2.0,1.0,1.0,0.5,2.0,1.0,1.0,1.0,Poison Pin Pokémon,Nidorino,33,['poison']
33,0.5,1.0,1.0,0.0,0.5,0.5,1.0,1.0,1.0,1.0,2.0,2.0,1.0,0.25,2.0,0.5,1.0,2.0,Drill Pokémon,Nidoking,34,"['poison', 'ground']"
34,0.5,0.5,0.0,1.0,1.0,0.5,1.0,1.0,1.0,1.0,1.0,1.0,1.0,2.0,1.0,1.0,2.0,1.0,Fairy Pokémon,Clefairy,35,['fairy']
35,0.5,0.5,0.0,1.0,1.0,0.5,1.0,1.0,1.0,1.0,1.0,1.0,1.0,2.0,1.0,1.0,2.0,1.0,Fairy Pokémon,Clefable,36,['fairy']
36,0.5,1.0,1.0,1.0,0.5,1.0,0.5,1.0,1.0,0.5,2.0,0.5,1.0,1.0,1.0,2.0,0.5,2.0,Fox Pokémon,Vulpix,37,"['fire', 'ice']"
37,0.5,1.0,1.0,1.0,0.5,1.0,0.5,1.0,1.0,0.5,2.0,0.5,1.0,1.0,1.0,2.0,0.5,2.0,Fox Pokémon,Ninetales,38,"['fire', 'ice']"
38,0.5,0.5,0.0,1.0,1.0,1.0,1.0,1.0,0.0,1.0,1.0,1.0,1.0,2.0,1.0,1.0,2.0,1.0,Balloon Pokémon,Jigglypuff,39,"['normal', 'fairy']"
39,0.5,0.5,0.0,1.0,1.0,1.0,1.0,1.0,0.0,1.0,1.0,1.0,1.0,2.0,1.0,1.0,2.0,1.0,Balloon Pokémon,Wigglytuff,40,"['normal', 'fairy']"
40,0.25,1.0,1.0,2.0,0.5,0.25,1.0,1.0,1.0,0.25,0.0,2.0,1.0,0.5,2.0,2.0,1.0,1.0,Bat Pokémon,Zubat,41,"['poison', 'flying']"
41,0.25,1.0,1.0,2.0,0.5,0.25,1.0,1.0,1.0,0.25,0.0,2.0,1.0,0.5,2.0,2.0,1.0,1.0,Bat Pokémon,Golbat,42,"['poison', 'flying']"
42,1.0,1.0,1.0,0.5,0.5,0.5,2.0,2.0,1.0,0.25,1.0,2.0,1.0,1.0,2.0,1.0,1.0,0.5,Weed Pokémon,Oddish,43,"['grass', 'poison']"
43,1.0,1.0,1.0,0.5,0.5,0.5,2.0,2.0,1.0,0.25,1.0,2.0,1.0,1.0,2.0,1.0,1.0,0.5,Weed Pokémon,Gloom,44,"['grass', 'poison']"
44,1.0,1.0,1.0,0.5,0.5,0.5,2.0,2.0,1.0,0.25,1.0,2.0,1.0,1.0,2.0,1.0,1.0,0.5,Flower Pokémon,Vileplume,45,"['grass', 'poison']"
45,2.0,1.0,1.0,0.5,1.0,0.5,4.0,4.0,1.0,0.25,0.25,2.0,1.0,2.0,1.0,2.0,1.0,0.5,Mushroom Pokémon,Paras,46,"['bug', 'grass']"
46,2.0,1.0,1.0,0.5,1.0,0.5,4.0,4.0,1.0,0.25,0.25,2.0,1.0,2.0,1.0,2.0,1.0,0.5,Mushroom Pokémon,Parasect,47,"['bug', 'grass']"
47,0.5,1.0,1.0,1.0,0.5,0.25,2.0,2.0,1.0,0.25,1.0,1.0,1.0,0.5,2.0,2.0,1.0,1.0,Insect Pokémon,Venonat,48,"['bug', 'poison']"
48,0.5,1.0,1.0,1.0,0.5,0.25,2.0,2.0,1.0,0.25,1.0,1.0,1.0,0.5,2.0,2.0,1.0,1.0,Poison Moth Pokémon,Venomoth,49,"['bug', 'poison']"
49,1.0,1.0,1.0,0.0,1.0,1.0,1.0,1.0,1.0,2.0,1.0,2.0,1.0,0.5,1.0,0.5,1.0,2.0,Mole Pokémon,Diglett,50,"['ground', 'ground']"
50,1.0,1.0,1.0,0.0,1.0,1.0,1.0,1.0,1.0,2.0,1.0,2.0,1.0,0.5,1.0,0.5,1.0,2.0,Mole Pokémon,Dugtrio,51,"['ground', 'ground']"
51,1.0,1.0,1.0,1.0,1.0,2.0,1.0,1.0,0.0,1.0,1.0,1.0,1.0,1.0,1.0,1.0,1.0,1.0,Scratch Cat Pokémon,Meowth,52,"['normal', 'dark']"
52,1.0,1.0,1.0,1.0,1.0,2.0,1.0,1.0,0.0,1.0,1.0,1.0,1.0,1.0,1.0,1.0,1.0,1.0,Classy Cat Pokémon,Persian,53,"['normal', 'dark']"
53,1.0,1.0,1.0,2.0,1.0,1.0,0.5,1.0,1.0,2.0,1.0,0.5,1.0,1.0,1.0,1.0,0.5,0.5,Duck Pokémon,Psyduck,54,['water']
54,1.0,1.0,1.0,2.0,1.0,1.0,0.5,1.0,1.0,2.0,1.0,0.5,1.0,1.0,1.0,1.0,0.5,0.5,Duck Pokémon,Golduck,55,['water']
55,0.5,0.5,1.0,1.0,2.0,1.0,1.0,2.0,1.0,1.0,1.0,1.0,1.0,1.0,2.0,0.5,1.0,1.0,Pig Monkey Pokémon,Mankey,56,['fighting']
56,0.5,0.5,1.0,1.0,2.0,1.0,1.0,2.0,1.0,1.0,1.0,1.0,1.0,1.0,2.0,0.5,1.0,1.0,Pig Monkey Pokémon,Primeape,57,['fighting']
57,0.5,1.0,1.0,1.0,0.5,1.0,0.5,1.0,1.0,0.5,2.0,0.5,1.0,1.0,1.0,2.0,0.5,2.0,Puppy Pokémon,Growlithe,58,['fire']
58,0.5,1.0,1.0,1.0,0.5,1.0,0.5,1.0,1.0,0.5,2.0,0.5,1.0,1.0,1.0,2.0,0.5,2.0,Legendary Pokémon,Arcanine,59,['fire']
59,1.0,1.0,1.0,2.0,1.0,1.0,0.5,1.0,1.0,2.0,1.0,0.5,1.0,1.0,1.0,1.0,0.5,0.5,Tadpole Pokémon,Poliwag,60,['water']
60,1.0,1.0,1.0,2.0,1.0,1.0,0.5,1.0,1.0,2.0,1.0,0.5,1.0,1.0,1.0,1.0,0.5,0.5,Tadpole Pokémon,Poliwhirl,61,['water']
61,0.5,0.5,1.0,2.0,2.0,1.0,0.5,2.0,1.0,2.0,1.0,0.5,1.0,1.0,2.0,0.5,0.5,0.5,Tadpole Pokémon,Poliwrath,62,"['water', 'fighting']"
62,2.0,2.0,1.0,1.0,1.0,0.5,1.0,1.0,2.0,1.0,1.0,1.0,1.0,1.0,0.5,1.0,1.0,1.0,Psi Pokémon,Abra,63,['psychic']
63,2.0,2.0,1.0,1.0,1.0,0.5,1.0,1.0,2.0,1.0,1.0,1.0,1.0,1.0,0.5,1.0,1.0,1.0,Psi Pokémon,Kadabra,64,['psychic']
64,2.0,2.0,1.0,1.0,1.0,0.5,1.0,1.0,2.0,1.0,1.0,1.0,1.0,1.0,0.5,1.0,1.0,1.0,Psi Pokémon,Alakazam,65,['psychic']
65,0.5,0.5,1.0,1.0,2.0,1.0,1.0,2.0,1.0,1.0,1.0,1.0,1.0,1.0,2.0,0.5,1.0,1.0,Superpower Pokémon,Machop,66,['fighting']
66,0.5,0.5,1.0,1.0,2.0,1.0,1.0,2.0,1.0,1.0,1.0,1.0,1.0,1.0,2.0,0.5,1.0,1.0,Superpower Pokémon,Machoke,67,['fighting']
67,0.5,0.5,1.0,1.0,2.0,1.0,1.0,2.0,1.0,1.0,1.0,1.0,1.0,1.0,2.0,0.5,1.0,1.0,Superpower Pokémon,Machamp,68,['fighting']
68,1.0,1.0,1.0,0.5,0.5,0.5,2.0,2.0,1.0,0.25,1.0,2.0,1.0,1.0,2.0,1.0,1.0,0.5,Flower Pokémon,Bellsprout,69,"['grass', 'poison']"
69,1.0,1.0,1.0,0.5,0.5,0.5,2.0,2.0,1.0,0.25,1.0,2.0,1.0,1.0,2.0,1.0,1.0,0.5,Flycatcher Pokémon,Weepinbell,70,"['grass', 'poison']"
70,1.0,1.0,1.0,0.5,0.5,0.5,2.0,2.0,1.0,0.25,1.0,2.0,1.0,1.0,2.0,1.0,1.0,0.5,Flycatcher Pokémon,Victreebel,71,"['grass', 'poison']"
71,0.5,1.0,1.0,2.0,0.5,0.5,0.5,1.0,1.0,1.0,2.0,0.5,1.0,0.5,2.0,1.0,0.5,0.5,Jellyfish Pokémon,Tentacool,72,"['water', 'poison']"
72,0.5,1.0,1.0,2.0,0.5,0.5,0.5,1.0,1.0,1.0,2.0,0.5,1.0,0.5,2.0,1.0,0.5,0.5,Jellyfish Pokémon,Tentacruel,73,"['water', 'poison']"
73,1.0,1.0,1.0,0.0,1.0,2.0,0.5,0.5,1.0,4.0,2.0,2.0,0.5,0.25,1.0,0.5,2.0,4.0,Rock Pokémon,Geodude,74,"['rock', 'ground']"
74,1.0,1.0,1.0,0.0,1.0,2.0,0.5,0.5,1.0,4.0,2.0,2.0,0.5,0.25,1.0,0.5,2.0,4.0,Rock Pokémon,Graveler,75,"['rock', 'ground']"
75,1.0,1.0,1.0,0.0,1.0,2.0,0.5,0.5,1.0,4.0,2.0,2.0,0.5,0.25,1.0,0.5,2.0,4.0,Megaton Pokémon,Golem,76,"['rock', 'ground']"
76,0.5,1.0,1.0,1.0,0.5,1.0,0.5,1.0,1.0,0.5,2.0,0.5,1.0,1.0,1.0,2.0,0.5,2.0,Fire Horse Pokémon,Ponyta,77,['fire']
77,0.5,1.0,1.0,1.0,0.5,1.0,0.5,1.0,1.0,0.5,2.0,0.5,1.0,1.0,1.0,2.0,0.5,2.0,Fire Horse Pokémon,Rapidash,78,['fire']
78,2.0,2.0,1.0,2.0,1.0,0.5,0.5,1.0,2.0,2.0,1.0,0.5,1.0,1.0,0.5,1.0,0.5,0.5,Dopey Pokémon,Slowpoke,79,"['water', 'psychic']"
79,2.0,2.0,1.0,2.0,1.0,0.5,0.5,1.0,2.0,2.0,1.0,0.5,1.0,1.0,0.5,1.0,0.5,0.5,Hermit Crab Pokémon,Slowbro,80,"['water', 'psychic']"
80,0.5,1.0,0.5,0.5,0.5,2.0,2.0,0.25,1.0,0.5,4.0,0.5,0.5,0.0,0.5,0.5,0.25,1.0,Magnet Pokémon,Magnemite,81,"['electric', 'steel']"
81,0.5,1.0,0.5,0.5,0.5,2.0,2.0,0.25,1.0,0.5,4.0,0.5,0.5,0.0,0.5,0.5,0.25,1.0,Magnet Pokémon,Magneton,82,"['electric', 'steel']"
82,0.5,1.0,1.0,2.0,1.0,1.0,1.0,1.0,0.0,0.5,0.0,2.0,1.0,1.0,1.0,2.0,1.0,1.0,Wild Duck Pokémon,Farfetch'd,83,"['normal', 'flying']"
83,0.5,1.0,1.0,2.0,1.0,1.0,1.0,1.0,0.0,0.5,0.0,2.0,1.0,1.0,1.0,2.0,1.0,1.0,Twin Bird Pokémon,Doduo,84,"['normal', 'flying']"
84,0.5,1.0,1.0,2.0,1.0,1.0,1.0,1.0,0.0,0.5,0.0,2.0,1.0,1.0,1.0,2.0,1.0,1.0,Triple Bird Pokémon,Dodrio,85,"['normal', 'flying']"
85,1.0,1.0,1.0,2.0,1.0,1.0,0.5,1.0,1.0,2.0,1.0,0.5,1.0,1.0,1.0,1.0,0.5,0.5,Sea Lion Pokémon,Seel,86,['water']
86,1.0,1.0,1.0,2.0,1.0,2.0,1.0,1.0,1.0,2.0,1.0,0.25,1.0,1.0,1.0,2.0,1.0,0.5,Sea Lion Pokémon,Dewgong,87,"['water', 'ice']"
87,0.5,1.0,1.0,1.0,0.5,0.5,1.0,1.0,1.0,0.5,2.0,1.0,1.0,0.5,2.0,1.0,1.0,1.0,Sludge Pokémon,Grimer,88,"['poison', 'poison']"
88,0.5,1.0,1.0,1.0,0.5,0.5,1.0,1.0,1.0,0.5,2.0,1.0,1.0,0.5,2.0,1.0,1.0,1.0,Sludge Pokémon,Muk,89,"['poison', 'poison']"
89,1.0,1.0,1.0,2.0,1.0,1.0,0.5,1.0,1.0,2.0,1.0,0.5,1.0,1.0,1.0,1.0,0.5,0.5,Bivalve Pokémon,Shellder,90,['water']
90,1.0,1.0,1.0,2.0,1.0,2.0,1.0,1.0,1.0,2.0,1.0,0.25,1.0,1.0,1.0,2.0,1.0,0.5,Bivalve Pokémon,Cloyster,91,"['water', 'ice']"
91,0.25,2.0,1.0,1.0,0.5,0.0,1.0,1.0,2.0,0.5,2.0,1.0,0.0,0.25,2.0,1.0,1.0,1.0,Gas Pokémon,Gastly,92,"['ghost', 'poison']"
92,0.25,2.0,1.0,1.0,0.5,0.0,1.0,1.0,2.0,0.5,2.0,1.0,0.0,0.25,2.0,1.0,1.0,1.0,Gas Pokémon,Haunter,93,"['ghost', 'poison']"
93,0.25,2.0,1.0,1.0,0.5,0.0,1.0,1.0,2.0,0.5,2.0,1.0,0.0,0.25,2.0,1.0,1.0,1.0,Shadow Pokémon,Gengar,94,"['ghost', 'poison']"
94,1.0,1.0,1.0,0.0,1.0,2.0,0.5,0.5,1.0,4.0,2.0,2.0,0.5,0.25,1.0,0.5,2.0,4.0,Rock Snake Pokémon,Onix,95,"['rock', 'ground']"
95,2.0,2.0,1.0,1.0,1.0,0.5,1.0,1.0,2.0,1.0,1.0,1.0,1.0,1.0,0.5,1.0,1.0,1.0,Hypnosis Pokémon,Drowzee,96,['psychic']
96,2.0,2.0,1.0,1.0,1.0,0.5,1.0,1.0,2.0,1.0,1.0,1.0,1.0,1.0,0.5,1.0,1.0,1.0,Hypnosis Pokémon,Hypno,97,['psychic']
97,1.0,1.0,1.0,2.0,1.0,1.0,0.5,1.0,1.0,2.0,1.0,0.5,1.0,1.0,1.0,1.0,0.5,0.5,River Crab Pokémon,Krabby,98,['water']
98,1.0,1.0,1.0,2.0,1.0,1.0,0.5,1.0,1.0,2.0,1.0,0.5,1.0,1.0,1.0,1.0,0.5,0.5,Pincer Pokémon,Kingler,99,['water']
99,1.0,1.0,1.0,0.5,1.0,1.0,1.0,0.5,1.0,1.0,2.0,1.0,1.0,1.0,1.0,1.0,0.5,1.0,Ball Pokémon,Voltorb,100,['electric']
100,1.0,1.0,1.0,0.5,1.0,1.0,1.0,0.5,1.0,1.0,2.0,1.0,1.0,1.0,1.0,1.0,0.5,1.0,Ball Pokémon,Electrode,101,['electric']
101,4.0,2.0,1.0,0.5,1.0,0.5,2.0,2.0,2.0,0.5,0.5,2.0,1.0,2.0,0.5,1.0,1.0,0.5,Egg Pokémon,Exeggcute,102,"['grass', 'psychic']"
102,4.0,2.0,1.0,0.5,1.0,0.5,2.0,2.0,2.0,0.5,0.5,2.0,1.0,2.0,0.5,1.0,1.0,0.5,Coconut Pokémon,Exeggutor,103,"['grass', 'psychic']"
103,1.0,1.0,1.0,0.0,1.0,1.0,1.0,1.0,1.0,2.0,1.0,2.0,1.0,0.5,1.0,0.5,1.0,2.0,Lonely Pokémon,Cubone,104,['ground']
104,1.0,1.0,1.0,0.0,1.0,1.0,1.0,1.0,1.0,2.0,1.0,2.0,1.0,0.5,1.0,0.5,1.0,2.0,Bone Keeper Pokémon,Marowak,105,"['ground', 'fire']"
105,0.5,0.5,1.0,1.0,2.0,1.0,1.0,2.0,1.0,1.0,1.0,1.0,1.0,1.0,2.0,0.5,1.0,1.0,Kicking Pokémon,Hitmonlee,106,['fighting']
106,0.5,0.5,1.0,1.0,2.0,1.0,1.0,2.0,1.0,1.0,1.0,1.0,1.0,1.0,2.0,0.5,1.0,1.0,Punching Pokémon,Hitmonchan,107,['fighting']
107,1.0,1.0,1.0,1.0,1.0,2.0,1.0,1.0,0.0,1.0,1.0,1.0,1.0,1.0,1.0,1.0,1.0,1.0,Licking Pokémon,Lickitung,108,['normal']
108,0.5,1.0,1.0,1.0,0.5,0.5,1.0,1.0,1.0,0.5,2.0,1.0,1.0,0.5,2.0,1.0,1.0,1.0,Poison Gas Pokémon,Koffing,109,['poison']
109,0.5,1.0,1.0,1.0,0.5,0.5,1.0,1.0,1.0,0.5,2.0,1.0,1.0,0.5,2.0,1.0,1.0,1.0,Poison Gas Pokémon,Weezing,110,['poison']
110,1.0,1.0,1.0,0.0,1.0,2.0,0.5,0.5,1.0,4.0,2.0,2.0,0.5,0.25,1.0,0.5,2.0,4.0,Spikes Pokémon,Rhyhorn,111,"['ground', 'rock']"
111,1.0,1.0,1.0,0.0,1.0,2.0,0.5,0.5,1.0,4.0,2.0,2.0,0.5,0.25,1.0,0.5,2.0,4.0,Drill Pokémon,Rhydon,112,"['ground', 'rock']"
112,1.0,1.0,1.0,1.0,1.0,2.0,1.0,1.0,0.0,1.0,1.0,1.0,1.0,1.0,1.0,1.0,1.0,1.0,Egg Pokémon,Chansey,113,['normal']
113,2.0,1.0,1.0,0.5,1.0,1.0,2.0,2.0,1.0,0.5,0.5,2.0,1.0,2.0,1.0,1.0,1.0,0.5,Vine Pokémon,Tangela,114,['grass']
114,1.0,1.0,1.0,1.0,1.0,2.0,1.0,1.0,0.0,1.0,1.0,1.0,1.0,1.0,1.0,1.0,1.0,1.0,Parent Pokémon,Kangaskhan,115,['normal']
115,1.0,1.0,1.0,2.0,1.0,1.0,0.5,1.0,1.0,2.0,1.0,0.5,1.0,1.0,1.0,1.0,0.5,0.5,Dragon Pokémon,Horsea,116,['water']
116,1.0,1.0,1.0,2.0,1.0,1.0,0.5,1.0,1.0,2.0,1.0,0.5,1.0,1.0,1.0,1.0,0.5,0.5,Dragon Pokémon,Seadra,117,['water']
117,1.0,1.0,1.0,2.0,1.0,1.0,0.5,1.0,1.0,2.0,1.0,0.5,1.0,1.0,1.0,1.0,0.5,0.5,Goldfish Pokémon,Goldeen,118,['water']
118,1.0,1.0,1.0,2.0,1.0,1.0,0.5,1.0,1.0,2.0,1.0,0.5,1.0,1.0,1.0,1.0,0.5,0.5,Goldfish Pokémon,Seaking,119,['water']
119,1.0,1.0,1.0,2.0,1.0,1.0,0.5,1.0,1.0,2.0,1.0,0.5,1.0,1.0,1.0,1.0,0.5,0.5,Starshape Pokémon,Staryu,120,['water']
120,2.0,2.0,1.0,2.0,1.0,0.5,0.5,1.0,2.0,2.0,1.0,0.5,1.0,1.0,0.5,1.0,0.5,0.5,Mysterious Pokémon,Starmie,121,"['water', 'psychic']"
121,1.0,1.0,0.0,1.0,1.0,0.25,1.0,1.0,2.0,1.0,1.0,1.0,1.0,2.0,0.5,1.0,2.0,1.0,Barrier Pokémon,Mr. Mime,122,"['psychic', 'fairy']"
122,0.5,1.0,1.0,2.0,1.0,0.25,2.0,2.0,1.0,0.25,0.0,2.0,1.0,1.0,1.0,4.0,1.0,1.0,Mantis Pokémon,Scyther,123,"['bug', 'flying']"
123,2.0,2.0,1.0,1.0,1.0,1.0,2.0,1.0,2.0,1.0,1.0,0.5,1.0,1.0,0.5,2.0,2.0,1.0,Humanshape Pokémon,Jynx,124,"['ice', 'psychic']"
124,1.0,1.0,1.0,0.5,1.0,1.0,1.0,0.5,1.0,1.0,2.0,1.0,1.0,1.0,1.0,1.0,0.5,1.0,Electric Pokémon,Electabuzz,125,['electric']
125,0.5,1.0,1.0,1.0,0.5,1.0,0.5,1.0,1.0,0.5,2.0,0.5,1.0,1.0,1.0,2.0,0.5,2.0,Spitfire Pokémon,Magmar,126,['fire']
126,1.0,1.0,1.0,1.0,1.0,0.5,2.0,2.0,1.0,0.5,0.5,1.0,1.0,1.0,1.0,2.0,1.0,1.0,Stagbeetle Pokémon,Pinsir,127,['bug']
127,1.0,1.0,1.0,1.0,1.0,2.0,1.0,1.0,0.0,1.0,1.0,1.0,1.0,1.0,1.0,1.0,1.0,1.0,Wild Bull Pokémon,Tauros,128,['normal']
128,1.0,1.0,1.0,2.0,1.0,1.0,0.5,1.0,1.0,2.0,1.0,0.5,1.0,1.0,1.0,1.0,0.5,0.5,Fish Pokémon,Magikarp,129,['water']
129,0.5,1.0,1.0,4.0,1.0,0.5,0.5,1.0,1.0,1.0,0.0,1.0,1.0,1.0,1.0,2.0,0.5,0.5,Atrocious Pokémon,Gyarados,130,"['water', 'flying']"
130,1.0,1.0,1.0,2.0,1.0,2.0,1.0,1.0,1.0,2.0,1.0,0.25,1.0,1.0,1.0,2.0,1.0,0.5,Transport Pokémon,Lapras,131,"['water', 'ice']"
131,1.0,1.0,1.0,1.0,1.0,2.0,1.0,1.0,0.0,1.0,1.0,1.0,1.0,1.0,1.0,1.0,1.0,1.0,Transform Pokémon,Ditto,132,['normal']
132,1.0,1.0,1.0,1.0,1.0,2.0,1.0,1.0,0.0,1.0,1.0,1.0,1.0,1.0,1.0,1.0,1.0,1.0,Evolution Pokémon,Eevee,133,['normal']
133,1.0,1.0,1.0,2.0,1.0,1.0,0.5,1.0,1.0,2.0,1.0,0.5,1.0,1.0,1.0,1.0,0.5,0.5,Bubble Jet Pokémon,Vaporeon,134,['water']
134,1.0,1.0,1.0,0.5,1.0,1.0,1.0,0.5,1.0,1.0,2.0,1.0,1.0,1.0,1.0,1.0,0.5,1.0,Lightning Pokémon,Jolteon,135,['electric']
135,0.5,1.0,1.0,1.0,0.5,1.0,0.5,1.0,1.0,0.5,2.0,0.5,1.0,1.0,1.0,2.0,0.5,2.0,Flame Pokémon,Flareon,136,['fire']
136,1.0,1.0,1.0,1.0,1.0,2.0,1.0,1.0,0.0,1.0,1.0,1.0,1.0,1.0,1.0,1.0,1.0,1.0,Virtual Pokémon,Porygon,137,['normal']
137,1.0,1.0,1.0,2.0,1.0,2.0,0.25,0.5,1.0,4.0,2.0,0.5,0.5,0.5,1.0,1.0,1.0,1.0,Spiral Pokémon,Omanyte,138,"['rock', 'water']"
138,1.0,1.0,1.0,2.0,1.0,2.0,0.25,0.5,1.0,4.0,2.0,0.5,0.5,0.5,1.0,1.0,1.0,1.0,Spiral Pokémon,Omastar,139,"['rock', 'water']"
139,1.0,1.0,1.0,2.0,1.0,2.0,0.25,0.5,1.0,4.0,2.0,0.5,0.5,0.5,1.0,1.0,1.0,1.0,Shellfish Pokémon,Kabuto,140,"['rock', 'water']"
140,1.0,1.0,1.0,2.0,1.0,2.0,0.25,0.5,1.0,4.0,2.0,0.5,0.5,0.5,1.0,1.0,1.0,1.0,Shellfish Pokémon,Kabutops,141,"['rock', 'water']"
141,0.5,1.0,1.0,2.0,1.0,1.0,0.5,0.5,1.0,1.0,0.0,2.0,0.5,0.5,1.0,2.0,2.0,2.0,Fossil Pokémon,Aerodactyl,142,"['rock', 'flying']"
142,1.0,1.0,1.0,1.0,1.0,2.0,1.0,1.0,0.0,1.0,1.0,1.0,1.0,1.0,1.0,1.0,1.0,1.0,Sleeping Pokémon,Snorlax,143,['normal']
143,0.5,1.0,1.0,2.0,1.0,1.0,2.0,1.0,1.0,0.5,0.0,1.0,1.0,1.0,1.0,4.0,2.0,1.0,Freeze Pokémon,Articuno,144,"['ice', 'flying']"
144,0.5,1.0,1.0,1.0,1.0,0.5,1.0,0.5,1.0,0.5,0.0,2.0,1.0,1.0,1.0,2.0,0.5,1.0,Electric Pokémon,Zapdos,145,"['electric', 'flying']"
145,0.25,1.0,1.0,2.0,0.5,0.5,0.5,1.0,1.0,0.25,0.0,1.0,1.0,1.0,1.0,4.0,0.5,2.0,Flame Pokémon,Moltres,146,"['fire', 'flying']"
146,1.0,1.0,2.0,0.5,2.0,1.0,0.5,1.0,1.0,0.5,1.0,2.0,1.0,1.0,1.0,1.0,1.0,0.5,Dragon Pokémon,Dratini,147,['dragon']
147,1.0,1.0,2.0,0.5,2.0,1.0,0.5,1.0,1.0,0.5,1.0,2.0,1.0,1.0,1.0,1.0,1.0,0.5,Dragon Pokémon,Dragonair,148,['dragon']
148,0.5,1.0,2.0,1.0,2.0,0.5,0.5,1.0,1.0,0.25,0.0,4.0,1.0,1.0,1.0,2.0,1.0,0.5,Dragon Pokémon,Dragonite,149,"['dragon', 'flying']"
149,2.0,2.0,1.0,1.0,1.0,0.5,1.0,1.0,2.0,1.0,1.0,1.0,1.0,1.0,0.5,1.0,1.0,1.0,Genetic Pokémon,Mewtwo,150,['psychic']
150,2.0,2.0,1.0,1.0,1.0,0.5,1.0,1.0,2.0,1.0,1.0,1.0,1.0,1.0,0.5,1.0,1.0,1.0,New Species Pokémon,Mew,151,['psychic']
151,2.0,1.0,1.0,0.5,1.0,1.0,2.0,2.0,1.0,0.5,0.5,2.0,1.0,2.0,1.0,1.0,1.0,0.5,Leaf Pokémon,Chikorita,152,['grass']
152,2.0,1.0,1.0,0.5,1.0,1.0,2.0,2.0,1.0,0.5,0.5,2.0,1.0,2.0,1.0,1.0,1.0,0.5,Leaf Pokémon,Bayleef,153,['grass']
153,2.0,1.0,1.0,0.5,1.0,1.0,2.0,2.0,1.0,0.5,0.5,2.0,1.0,2.0,1.0,1.0,1.0,0.5,Herb Pokémon,Meganium,154,['grass']
154,0.5,1.0,1.0,1.0,0.5,1.0,0.5,1.0,1.0,0.5,2.0,0.5,1.0,1.0,1.0,2.0,0.5,2.0,Fire Mouse Pokémon,Cyndaquil,155,['fire']
155,0.5,1.0,1.0,1.0,0.5,1.0,0.5,1.0,1.0,0.5,2.0,0.5,1.0,1.0,1.0,2.0,0.5,2.0,Volcano Pokémon,Quilava,156,['fire']
156,0.5,1.0,1.0,1.0,0.5,1.0,0.5,1.0,1.0,0.5,2.0,0.5,1.0,1.0,1.0,2.0,0.5,2.0,Volcano Pokémon,Typhlosion,157,['fire']
157,1.0,1.0,1.0,2.0,1.0,1.0,0.5,1.0,1.0,2.0,1.0,0.5,1.0,1.0,1.0,1.0,0.5,0.5,Big Jaw Pokémon,Totodile,158,['water']
158,1.0,1.0,1.0,2.0,1.0,1.0,0.5,1.0,1.0,2.0,1.0,0.5,1.0,1.0,1.0,1.0,0.5,0.5,Big Jaw Pokémon,Croconaw,159,['water']
159,1.0,1.0,1.0,2.0,1.0,1.0,0.5,1.0,1.0,2.0,1.0,0.5,1.0,1.0,1.0,1.0,0.5,0.5,Big Jaw Pokémon,Feraligatr,160,['water']
160,1.0,1.0,1.0,1.0,1.0,2.0,1.0,1.0,0.0,1.0,1.0,1.0,1.0,1.0,1.0,1.0,1.0,1.0,Scout Pokémon,Sentret,161,['normal']
161,1.0,1.0,1.0,1.0,1.0,2.0,1.0,1.0,0.0,1.0,1.0,1.0,1.0,1.0,1.0,1.0,1.0,1.0,Long Body Pokémon,Furret,162,['normal']
162,0.5,1.0,1.0,2.0,1.0,1.0,1.0,1.0,0.0,0.5,0.0,2.0,1.0,1.0,1.0,2.0,1.0,1.0,Owl Pokémon,Hoothoot,163,"['normal', 'flying']"
163,0.5,1.0,1.0,2.0,1.0,1.0,1.0,1.0,0.0,0.5,0.0,2.0,1.0,1.0,1.0,2.0,1.0,1.0,Owl Pokémon,Noctowl,164,"['normal', 'flying']"
164,0.5,1.0,1.0,2.0,1.0,0.25,2.0,2.0,1.0,0.25,0.0,2.0,1.0,1.0,1.0,4.0,1.0,1.0,Five Star Pokémon,Ledyba,165,"['bug', 'flying']"
165,0.5,1.0,1.0,2.0,1.0,0.25,2.0,2.0,1.0,0.25,0.0,2.0,1.0,1.0,1.0,4.0,1.0,1.0,Five Star Pokémon,Ledian,166,"['bug', 'flying']"
166,0.5,1.0,1.0,1.0,0.5,0.25,2.0,2.0,1.0,0.25,1.0,1.0,1.0,0.5,2.0,2.0,1.0,1.0,String Spit Pokémon,Spinarak,167,"['bug', 'poison']"
167,0.5,1.0,1.0,1.0,0.5,0.25,2.0,2.0,1.0,0.25,1.0,1.0,1.0,0.5,2.0,2.0,1.0,1.0,Long Leg Pokémon,Ariados,168,"['bug', 'poison']"
168,0.25,1.0,1.0,2.0,0.5,0.25,1.0,1.0,1.0,0.25,0.0,2.0,1.0,0.5,2.0,2.0,1.0,1.0,Bat Pokémon,Crobat,169,"['poison', 'flying']"
169,1.0,1.0,1.0,1.0,1.0,1.0,0.5,0.5,1.0,2.0,2.0,0.5,1.0,1.0,1.0,1.0,0.25,0.5,Angler Pokémon,Chinchou,170,"['water', 'electric']"
170,1.0,1.0,1.0,1.0,1.0,1.0,0.5,0.5,1.0,2.0,2.0,0.5,1.0,1.0,1.0,1.0,0.25,0.5,Light Pokémon,Lanturn,171,"['water', 'electric']"
171,1.0,1.0,1.0,0.5,1.0,1.0,1.0,0.5,1.0,1.0,2.0,1.0,1.0,1.0,1.0,1.0,0.5,1.0,Tiny Mouse Pokémon,Pichu,172,['electric']
172,0.5,0.5,0.0,1.0,1.0,0.5,1.0,1.0,1.0,1.0,1.0,1.0,1.0,2.0,1.0,1.0,2.0,1.0,Star Shape Pokémon,Cleffa,173,['fairy']
173,0.5,0.5,0.0,1.0,1.0,1.0,1.0,1.0,0.0,1.0,1.0,1.0,1.0,2.0,1.0,1.0,2.0,1.0,Balloon Pokémon,Igglybuff,174,"['normal', 'fairy']"
174,0.5,0.5,0.0,1.0,1.0,0.5,1.0,1.0,1.0,1.0,1.0,1.0,1.0,2.0,1.0,1.0,2.0,1.0,Spike Ball Pokémon,Togepi,175,['fairy']
175,0.25,0.5,0.0,2.0,1.0,0.25,1.0,1.0,1.0,0.5,0.0,2.0,1.0,2.0,1.0,2.0,2.0,1.0,Happiness Pokémon,Togetic,176,"['fairy', 'flying']"
176,1.0,2.0,1.0,2.0,1.0,0.25,1.0,1.0,2.0,0.5,0.0,2.0,1.0,1.0,0.5,2.0,1.0,1.0,Little Bird Pokémon,Natu,177,"['psychic', 'flying']"
177,1.0,2.0,1.0,2.0,1.0,0.25,1.0,1.0,2.0,0.5,0.0,2.0,1.0,1.0,0.5,2.0,1.0,1.0,Mystic Pokémon,Xatu,178,"['psychic', 'flying']"
178,1.0,1.0,1.0,0.5,1.0,1.0,1.0,0.5,1.0,1.0,2.0,1.0,1.0,1.0,1.0,1.0,0.5,1.0,Wool Pokémon,Mareep,179,['electric']
179,1.0,1.0,1.0,0.5,1.0,1.0,1.0,0.5,1.0,1.0,2.0,1.0,1.0,1.0,1.0,1.0,0.5,1.0,Wool Pokémon,Flaaffy,180,['electric']
180,1.0,1.0,1.0,0.5,1.0,1.0,1.0,0.5,1.0,1.0,2.0,1.0,1.0,1.0,1.0,1.0,0.5,1.0,Light Pokémon,Ampharos,181,['electric']
181,2.0,1.0,1.0,0.5,1.0,1.0,2.0,2.0,1.0,0.5,0.5,2.0,1.0,2.0,1.0,1.0,1.0,0.5,Flower Pokémon,Bellossom,182,['grass']
182,0.5,0.5,0.0,2.0,1.0,0.5,0.5,1.0,1.0,2.0,1.0,0.5,1.0,2.0,1.0,1.0,1.0,0.5,Aquamouse Pokémon,Marill,183,"['water', 'fairy']"
183,0.5,0.5,0.0,2.0,1.0,0.5,0.5,1.0,1.0,2.0,1.0,0.5,1.0,2.0,1.0,1.0,1.0,0.5,Aquarabbit Pokémon,Azumarill,184,"['water', 'fairy']"
184,1.0,1.0,1.0,1.0,1.0,2.0,0.5,0.5,1.0,2.0,2.0,1.0,0.5,0.5,1.0,1.0,2.0,2.0,Imitation Pokémon,Sudowoodo,185,['rock']
185,1.0,1.0,1.0,2.0,1.0,1.0,0.5,1.0,1.0,2.0,1.0,0.5,1.0,1.0,1.0,1.0,0.5,0.5,Frog Pokémon,Politoed,186,['water']
186,1.0,1.0,1.0,1.0,1.0,0.5,2.0,2.0,1.0,0.25,0.0,4.0,1.0,2.0,1.0,2.0,1.0,0.5,Cottonweed Pokémon,Hoppip,187,"['grass', 'flying']"
187,1.0,1.0,1.0,1.0,1.0,0.5,2.0,2.0,1.0,0.25,0.0,4.0,1.0,2.0,1.0,2.0,1.0,0.5,Cottonweed Pokémon,Skiploom,188,"['grass', 'flying']"
188,1.0,1.0,1.0,1.0,1.0,0.5,2.0,2.0,1.0,0.25,0.0,4.0,1.0,2.0,1.0,2.0,1.0,0.5,Cottonweed Pokémon,Jumpluff,189,"['grass', 'flying']"
189,1.0,1.0,1.0,1.0,1.0,2.0,1.0,1.0,0.0,1.0,1.0,1.0,1.0,1.0,1.0,1.0,1.0,1.0,Long Tail Pokémon,Aipom,190,['normal']
190,2.0,1.0,1.0,0.5,1.0,1.0,2.0,2.0,1.0,0.5,0.5,2.0,1.0,2.0,1.0,1.0,1.0,0.5,Seed Pokémon,Sunkern,191,['grass']
191,2.0,1.0,1.0,0.5,1.0,1.0,2.0,2.0,1.0,0.5,0.5,2.0,1.0,2.0,1.0,1.0,1.0,0.5,Sun Pokémon,Sunflora,192,['grass']
192,0.5,1.0,1.0,2.0,1.0,0.25,2.0,2.0,1.0,0.25,0.0,2.0,1.0,1.0,1.0,4.0,1.0,1.0,Clear Wing Pokémon,Yanma,193,"['bug', 'flying']"
193,1.0,1.0,1.0,0.0,1.0,1.0,0.5,1.0,1.0,4.0,1.0,1.0,1.0,0.5,1.0,0.5,0.5,1.0,Water Fish Pokémon,Wooper,194,"['water', 'ground']"
194,1.0,1.0,1.0,0.0,1.0,1.0,0.5,1.0,1.0,4.0,1.0,1.0,1.0,0.5,1.0,0.5,0.5,1.0,Water Fish Pokémon,Quagsire,195,"['water', 'ground']"
195,2.0,2.0,1.0,1.0,1.0,0.5,1.0,1.0,2.0,1.0,1.0,1.0,1.0,1.0,0.5,1.0,1.0,1.0,Sun Pokémon,Espeon,196,['psychic']
196,2.0,0.5,1.0,1.0,2.0,2.0,1.0,1.0,0.5,1.0,1.0,1.0,1.0,1.0,0.0,1.0,1.0,1.0,Moonlight Pokémon,Umbreon,197,['dark']
197,1.0,0.5,1.0,2.0,2.0,1.0,1.0,1.0,0.5,0.5,0.0,2.0,1.0,1.0,0.0,2.0,1.0,1.0,Darkness Pokémon,Murkrow,198,"['dark', 'flying']"
198,2.0,2.0,1.0,2.0,1.0,0.5,0.5,1.0,2.0,2.0,1.0,0.5,1.0,1.0,0.5,1.0,0.5,0.5,Royal Pokémon,Slowking,199,"['water', 'psychic']"
199,0.5,2.0,1.0,1.0,1.0,0.0,1.0,1.0,2.0,1.0,1.0,1.0,0.0,0.5,1.0,1.0,1.0,1.0,Screech Pokémon,Misdreavus,200,['ghost']
200,2.0,2.0,1.0,1.0,1.0,0.5,1.0,1.0,2.0,1.0,1.0,1.0,1.0,1.0,0.5,1.0,1.0,1.0,Symbol Pokémon,Unown,201,['psychic']
201,2.0,2.0,1.0,1.0,1.0,0.5,1.0,1.0,2.0,1.0,1.0,1.0,1.0,1.0,0.5,1.0,1.0,1.0,Patient Pokémon,Wobbuffet,202,['psychic']
202,2.0,2.0,1.0,1.0,1.0,1.0,1.0,1.0,0.0,1.0,1.0,1.0,1.0,1.0,0.5,1.0,1.0,1.0,Long Neck Pokémon,Girafarig,203,"['normal', 'psychic']"
203,1.0,1.0,1.0,1.0,1.0,0.5,2.0,2.0,1.0,0.5,0.5,1.0,1.0,1.0,1.0,2.0,1.0,1.0,Bagworm Pokémon,Pineco,204,['bug']
204,0.5,1.0,0.5,1.0,0.5,1.0,4.0,1.0,1.0,0.25,1.0,0.5,0.5,0.0,0.5,1.0,0.5,1.0,Bagworm Pokémon,Forretress,205,"['bug', 'steel']"
205,1.0,1.0,1.0,1.0,1.0,2.0,1.0,1.0,0.0,1.0,1.0,1.0,1.0,1.0,1.0,1.0,1.0,1.0,Land Snake Pokémon,Dunsparce,206,['normal']
206,0.5,1.0,1.0,0.0,1.0,0.5,1.0,1.0,1.0,1.0,0.0,4.0,1.0,0.5,1.0,1.0,1.0,2.0,Flyscorpion Pokémon,Gligar,207,"['ground', 'flying']"
207,0.5,1.0,0.5,0.0,0.5,2.0,2.0,0.5,1.0,1.0,2.0,1.0,0.5,0.0,0.5,0.25,0.5,2.0,Iron Snake Pokémon,Steelix,208,"['steel', 'ground']"
208,0.5,0.5,0.0,1.0,1.0,0.5,1.0,1.0,1.0,1.0,1.0,1.0,1.0,2.0,1.0,1.0,2.0,1.0,Fairy Pokémon,Snubbull,209,['fairy']
209,0.5,0.5,0.0,1.0,1.0,0.5,1.0,1.0,1.0,1.0,1.0,1.0,1.0,2.0,1.0,1.0,2.0,1.0,Fairy Pokémon,Granbull,210,['fairy']
210,0.5,1.0,1.0,2.0,0.5,0.5,0.5,1.0,1.0,1.0,2.0,0.5,1.0,0.5,2.0,1.0,0.5,0.5,Balloon Pokémon,Qwilfish,211,"['water', 'poison']"
211,0.5,1.0,0.5,1.0,0.5,1.0,4.0,1.0,1.0,0.25,1.0,0.5,0.5,0.0,0.5,1.0,0.5,1.0,Pincer Pokémon,Scizor,212,"['bug', 'steel']"
212,1.0,1.0,1.0,1.0,1.0,1.0,1.0,1.0,1.0,1.0,1.0,1.0,0.5,0.5,1.0,2.0,2.0,2.0,Mold Pokémon,Shuckle,213,"['bug', 'rock']"
213,0.5,0.5,1.0,1.0,2.0,0.5,2.0,4.0,1.0,0.5,0.5,1.0,1.0,1.0,2.0,1.0,1.0,1.0,Singlehorn Pokémon,Heracross,214,"['bug', 'fighting']"
214,2.0,0.5,1.0,1.0,2.0,4.0,2.0,1.0,0.5,1.0,1.0,0.5,1.0,1.0,0.0,2.0,2.0,1.0,Sharp Claw Pokémon,Sneasel,215,"['dark', 'ice']"
215,1.0,1.0,1.0,1.0,1.0,2.0,1.0,1.0,0.0,1.0,1.0,1.0,1.0,1.0,1.0,1.0,1.0,1.0,Little Bear Pokémon,Teddiursa,216,['normal']
216,1.0,1.0,1.0,1.0,1.0,2.0,1.0,1.0,0.0,1.0,1.0,1.0,1.0,1.0,1.0,1.0,1.0,1.0,Hibernator Pokémon,Ursaring,217,['normal']
217,0.5,1.0,1.0,1.0,0.5,1.0,0.5,1.0,1.0,0.5,2.0,0.5,1.0,1.0,1.0,2.0,0.5,2.0,Lava Pokémon,Slugma,218,['fire']
218,0.5,1.0,1.0,1.0,0.5,2.0,0.25,0.5,1.0,1.0,4.0,0.5,0.5,0.5,1.0,2.0,1.0,4.0,Lava Pokémon,Magcargo,219,"['fire', 'rock']"
219,1.0,1.0,1.0,0.0,1.0,2.0,2.0,1.0,1.0,2.0,1.0,1.0,1.0,0.5,1.0,1.0,2.0,2.0,Pig Pokémon,Swinub,220,"['ice', 'ground']"
220,1.0,1.0,1.0,0.0,1.0,2.0,2.0,1.0,1.0,2.0,1.0,1.0,1.0,0.5,1.0,1.0,2.0,2.0,Swine Pokémon,Piloswine,221,"['ice', 'ground']"
221,1.0,1.0,1.0,2.0,1.0,2.0,0.25,0.5,1.0,4.0,2.0,0.5,0.5,0.5,1.0,1.0,1.0,1.0,Coral Pokémon,Corsola,222,"['water', 'rock']"
222,1.0,1.0,1.0,2.0,1.0,1.0,0.5,1.0,1.0,2.0,1.0,0.5,1.0,1.0,1.0,1.0,0.5,0.5,Jet Pokémon,Remoraid,223,['water']
223,1.0,1.0,1.0,2.0,1.0,1.0,0.5,1.0,1.0,2.0,1.0,0.5,1.0,1.0,1.0,1.0,0.5,0.5,Jet Pokémon,Octillery,224,['water']
224,0.5,1.0,1.0,2.0,1.0,1.0,2.0,1.0,1.0,0.5,0.0,1.0,1.0,1.0,1.0,4.0,2.0,1.0,Delivery Pokémon,Delibird,225,"['ice', 'flying']"
225,0.5,1.0,1.0,4.0,1.0,0.5,0.5,1.0,1.0,1.0,0.0,1.0,1.0,1.0,1.0,2.0,0.5,0.5,Kite Pokémon,Mantine,226,"['water', 'flying']"
226,0.25,1.0,0.5,2.0,0.5,1.0,2.0,0.5,1.0,0.25,0.0,1.0,0.5,0.0,0.5,1.0,0.5,1.0,Armor Bird Pokémon,Skarmory,227,"['steel', 'flying']"
227,1.0,0.5,1.0,1.0,1.0,2.0,0.5,1.0,0.5,0.5,2.0,0.5,1.0,1.0,0.0,2.0,0.5,2.0,Dark Pokémon,Houndour,228,"['dark', 'fire']"
228,1.0,0.5,1.0,1.0,1.0,2.0,0.5,1.0,0.5,0.5,2.0,0.5,1.0,1.0,0.0,2.0,0.5,2.0,Dark Pokémon,Houndoom,229,"['dark', 'fire']"
229,1.0,1.0,2.0,1.0,2.0,1.0,0.25,1.0,1.0,1.0,1.0,1.0,1.0,1.0,1.0,1.0,0.5,0.25,Dragon Pokémon,Kingdra,230,"['water', 'dragon']"
230,1.0,1.0,1.0,0.0,1.0,1.0,1.0,1.0,1.0,2.0,1.0,2.0,1.0,0.5,1.0,0.5,1.0,2.0,Long Nose Pokémon,Phanpy,231,['ground']
231,1.0,1.0,1.0,0.0,1.0,1.0,1.0,1.0,1.0,2.0,1.0,2.0,1.0,0.5,1.0,0.5,1.0,2.0,Armor Pokémon,Donphan,232,['ground']
232,1.0,1.0,1.0,1.0,1.0,2.0,1.0,1.0,0.0,1.0,1.0,1.0,1.0,1.0,1.0,1.0,1.0,1.0,Virtual Pokémon,Porygon2,233,['normal']
233,1.0,1.0,1.0,1.0,1.0,2.0,1.0,1.0,0.0,1.0,1.0,1.0,1.0,1.0,1.0,1.0,1.0,1.0,Big Horn Pokémon,Stantler,234,['normal']
234,1.0,1.0,1.0,1.0,1.0,2.0,1.0,1.0,0.0,1.0,1.0,1.0,1.0,1.0,1.0,1.0,1.0,1.0,Painter Pokémon,Smeargle,235,['normal']
235,0.5,0.5,1.0,1.0,2.0,1.0,1.0,2.0,1.0,1.0,1.0,1.0,1.0,1.0,2.0,0.5,1.0,1.0,Scuffle Pokémon,Tyrogue,236,['fighting']
236,0.5,0.5,1.0,1.0,2.0,1.0,1.0,2.0,1.0,1.0,1.0,1.0,1.0,1.0,2.0,0.5,1.0,1.0,Handstand Pokémon,Hitmontop,237,['fighting']
237,2.0,2.0,1.0,1.0,1.0,1.0,2.0,1.0,2.0,1.0,1.0,0.5,1.0,1.0,0.5,2.0,2.0,1.0,Kiss Pokémon,Smoochum,238,"['ice', 'psychic']"
238,1.0,1.0,1.0,0.5,1.0,1.0,1.0,0.5,1.0,1.0,2.0,1.0,1.0,1.0,1.0,1.0,0.5,1.0,Electric Pokémon,Elekid,239,['electric']
239,0.5,1.0,1.0,1.0,0.5,1.0,0.5,1.0,1.0,0.5,2.0,0.5,1.0,1.0,1.0,2.0,0.5,2.0,Live Coal Pokémon,Magby,240,['fire']
240,1.0,1.0,1.0,1.0,1.0,2.0,1.0,1.0,0.0,1.0,1.0,1.0,1.0,1.0,1.0,1.0,1.0,1.0,Milk Cow Pokémon,Miltank,241,['normal']
241,1.0,1.0,1.0,1.0,1.0,2.0,1.0,1.0,0.0,1.0,1.0,1.0,1.0,1.0,1.0,1.0,1.0,1.0,Happiness Pokémon,Blissey,242,['normal']
242,1.0,1.0,1.0,0.5,1.0,1.0,1.0,0.5,1.0,1.0,2.0,1.0,1.0,1.0,1.0,1.0,0.5,1.0,Thunder Pokémon,Raikou,243,['electric']
243,0.5,1.0,1.0,1.0,0.5,1.0,0.5,1.0,1.0,0.5,2.0,0.5,1.0,1.0,1.0,2.0,0.5,2.0,Volcano Pokémon,Entei,244,['fire']
244,1.0,1.0,1.0,2.0,1.0,1.0,0.5,1.0,1.0,2.0,1.0,0.5,1.0,1.0,1.0,1.0,0.5,0.5,Aurora Pokémon,Suicune,245,['water']
245,1.0,1.0,1.0,0.0,1.0,2.0,0.5,0.5,1.0,4.0,2.0,2.0,0.5,0.25,1.0,0.5,2.0,4.0,Rock Skin Pokémon,Larvitar,246,"['rock', 'ground']"
246,1.0,1.0,1.0,0.0,1.0,2.0,0.5,0.5,1.0,4.0,2.0,2.0,0.5,0.25,1.0,0.5,2.0,4.0,Hard Shell Pokémon,Pupitar,247,"['rock', 'ground']"
247,2.0,0.5,1.0,1.0,2.0,4.0,0.5,0.5,0.5,2.0,2.0,1.0,0.5,0.5,0.0,1.0,2.0,2.0,Armor Pokémon,Tyranitar,248,"['rock', 'dark']"
248,1.0,2.0,1.0,2.0,1.0,0.25,1.0,1.0,2.0,0.5,0.0,2.0,1.0,1.0,0.5,2.0,1.0,1.0,Diving Pokémon,Lugia,249,"['psychic', 'flying']"
249,0.25,1.0,1.0,2.0,0.5,0.5,0.5,1.0,1.0,0.25,0.0,1.0,1.0,1.0,1.0,4.0,0.5,2.0,Rainbow Pokémon,Ho-Oh,250,"['fire', 'flying']"
250,4.0,2.0,1.0,0.5,1.0,0.5,2.0,2.0,2.0,0.5,0.5,2.0,1.0,2.0,0.5,1.0,1.0,0.5,Time Travel Pokémon,Celebi,251,"['psychic', 'grass']"
251,2.0,1.0,1.0,0.5,1.0,1.0,2.0,2.0,1.0,0.5,0.5,2.0,1.0,2.0,1.0,1.0,1.0,0.5,Wood Gecko Pokémon,Treecko,252,['grass']
252,2.0,1.0,1.0,0.5,1.0,1.0,2.0,2.0,1.0,0.5,0.5,2.0,1.0,2.0,1.0,1.0,1.0,0.5,Wood Gecko Pokémon,Grovyle,253,['grass']
253,2.0,1.0,1.0,0.5,1.0,1.0,2.0,2.0,1.0,0.5,0.5,2.0,1.0,2.0,1.0,1.0,1.0,0.5,Forest Pokémon,Sceptile,254,['grass']
254,0.5,1.0,1.0,1.0,0.5,1.0,0.5,1.0,1.0,0.5,2.0,0.5,1.0,1.0,1.0,2.0,0.5,2.0,Chick Pokémon,Torchic,255,['fire']
255,0.25,0.5,1.0,1.0,1.0,1.0,0.5,2.0,1.0,0.5,2.0,0.5,1.0,1.0,2.0,1.0,0.5,2.0,Young Fowl Pokémon,Combusken,256,"['fire', 'fighting']"
256,0.25,0.5,1.0,1.0,1.0,1.0,0.5,2.0,1.0,0.5,2.0,0.5,1.0,1.0,2.0,1.0,0.5,2.0,Blaze Pokémon,Blaziken,257,"['fire', 'fighting']"
257,1.0,1.0,1.0,2.0,1.0,1.0,0.5,1.0,1.0,2.0,1.0,0.5,1.0,1.0,1.0,1.0,0.5,0.5,Mud Fish Pokémon,Mudkip,258,['water']
258,1.0,1.0,1.0,0.0,1.0,1.0,0.5,1.0,1.0,4.0,1.0,1.0,1.0,0.5,1.0,0.5,0.5,1.0,Mud Fish Pokémon,Marshtomp,259,"['water', 'ground']"
259,1.0,1.0,1.0,0.0,1.0,1.0,0.5,1.0,1.0,4.0,1.0,1.0,1.0,0.5,1.0,0.5,0.5,1.0,Mud Fish Pokémon,Swampert,260,"['water', 'ground']"
260,2.0,0.5,1.0,1.0,2.0,2.0,1.0,1.0,0.5,1.0,1.0,1.0,1.0,1.0,0.0,1.0,1.0,1.0,Bite Pokémon,Poochyena,261,['dark']
261,2.0,0.5,1.0,1.0,2.0,2.0,1.0,1.0,0.5,1.0,1.0,1.0,1.0,1.0,0.0,1.0,1.0,1.0,Bite Pokémon,Mightyena,262,['dark']
262,1.0,1.0,1.0,1.0,1.0,2.0,1.0,1.0,0.0,1.0,1.0,1.0,1.0,1.0,1.0,1.0,1.0,1.0,Tiny Racoon Pokémon,Zigzagoon,263,['normal']
263,1.0,1.0,1.0,1.0,1.0,2.0,1.0,1.0,0.0,1.0,1.0,1.0,1.0,1.0,1.0,1.0,1.0,1.0,Rush Pokémon,Linoone,264,['normal']
264,1.0,1.0,1.0,1.0,1.0,0.5,2.0,2.0,1.0,0.5,0.5,1.0,1.0,1.0,1.0,2.0,1.0,1.0,Worm Pokémon,Wurmple,265,['bug']
265,1.0,1.0,1.0,1.0,1.0,0.5,2.0,2.0,1.0,0.5,0.5,1.0,1.0,1.0,1.0,2.0,1.0,1.0,Cocoon Pokémon,Silcoon,266,['bug']
266,0.5,1.0,1.0,2.0,1.0,0.25,2.0,2.0,1.0,0.25,0.0,2.0,1.0,1.0,1.0,4.0,1.0,1.0,Butterfly Pokémon,Beautifly,267,"['bug', 'flying']"
267,1.0,1.0,1.0,1.0,1.0,0.5,2.0,2.0,1.0,0.5,0.5,1.0,1.0,1.0,1.0,2.0,1.0,1.0,Cocoon Pokémon,Cascoon,268,['bug']
268,0.5,1.0,1.0,1.0,0.5,0.25,2.0,2.0,1.0,0.25,1.0,1.0,1.0,0.5,2.0,2.0,1.0,1.0,Poison Moth Pokémon,Dustox,269,"['bug', 'poison']"
269,2.0,1.0,1.0,1.0,1.0,1.0,1.0,2.0,1.0,1.0,0.5,1.0,1.0,2.0,1.0,1.0,0.5,0.25,Water Weed Pokémon,Lotad,270,"['water', 'grass']"
270,2.0,1.0,1.0,1.0,1.0,1.0,1.0,2.0,1.0,1.0,0.5,1.0,1.0,2.0,1.0,1.0,0.5,0.25,Jolly Pokémon,Lombre,271,"['water', 'grass']"
271,2.0,1.0,1.0,1.0,1.0,1.0,1.0,2.0,1.0,1.0,0.5,1.0,1.0,2.0,1.0,1.0,0.5,0.25,Carefree Pokémon,Ludicolo,272,"['water', 'grass']"
272,2.0,1.0,1.0,0.5,1.0,1.0,2.0,2.0,1.0,0.5,0.5,2.0,1.0,2.0,1.0,1.0,1.0,0.5,Acorn Pokémon,Seedot,273,['grass']
273,4.0,0.5,1.0,0.5,2.0,2.0,2.0,2.0,0.5,0.5,0.5,2.0,1.0,2.0,0.0,1.0,1.0,0.5,Wily Pokémon,Nuzleaf,274,"['grass', 'dark']"
274,4.0,0.5,1.0,0.5,2.0,2.0,2.0,2.0,0.5,0.5,0.5,2.0,1.0,2.0,0.0,1.0,1.0,0.5,Wickid Pokémon,Shiftry,275,"['grass', 'dark']"
275,0.5,1.0,1.0,2.0,1.0,1.0,1.0,1.0,0.0,0.5,0.0,2.0,1.0,1.0,1.0,2.0,1.0,1.0,TinySwallow Pokémon,Taillow,276,"['normal', 'flying']"
276,0.5,1.0,1.0,2.0,1.0,1.0,1.0,1.0,0.0,0.5,0.0,2.0,1.0,1.0,1.0,2.0,1.0,1.0,Swallow Pokémon,Swellow,277,"['normal', 'flying']"
277,0.5,1.0,1.0,4.0,1.0,0.5,0.5,1.0,1.0,1.0,0.0,1.0,1.0,1.0,1.0,2.0,0.5,0.5,Seagull Pokémon,Wingull,278,"['water', 'flying']"
278,0.5,1.0,1.0,4.0,1.0,0.5,0.5,1.0,1.0,1.0,0.0,1.0,1.0,1.0,1.0,2.0,0.5,0.5,Water Bird Pokémon,Pelipper,279,"['water', 'flying']"
279,1.0,1.0,0.0,1.0,1.0,0.25,1.0,1.0,2.0,1.0,1.0,1.0,1.0,2.0,0.5,1.0,2.0,1.0,Feeling Pokémon,Ralts,280,"['psychic', 'fairy']"
280,1.0,1.0,0.0,1.0,1.0,0.25,1.0,1.0,2.0,1.0,1.0,1.0,1.0,2.0,0.5,1.0,2.0,1.0,Emotion Pokémon,Kirlia,281,"['psychic', 'fairy']"
281,1.0,1.0,0.0,1.0,1.0,0.25,1.0,1.0,2.0,1.0,1.0,1.0,1.0,2.0,0.5,1.0,2.0,1.0,Embrace Pokémon,Gardevoir,282,"['psychic', 'fairy']"
282,1.0,1.0,1.0,2.0,1.0,0.5,1.0,2.0,1.0,1.0,0.5,0.5,1.0,1.0,1.0,2.0,0.5,0.5,Pond Skater Pokémon,Surskit,283,"['bug', 'water']"
283,0.5,1.0,1.0,2.0,1.0,0.25,2.0,2.0,1.0,0.25,0.0,2.0,1.0,1.0,1.0,4.0,1.0,1.0,Eyeball Pokémon,Masquerain,284,"['bug', 'flying']"
284,2.0,1.0,1.0,0.5,1.0,1.0,2.0,2.0,1.0,0.5,0.5,2.0,1.0,2.0,1.0,1.0,1.0,0.5,Mushroom Pokémon,Shroomish,285,['grass']
285,1.0,0.5,1.0,0.5,2.0,1.0,2.0,4.0,1.0,0.5,0.5,2.0,1.0,2.0,2.0,0.5,1.0,0.5,Mushroom Pokémon,Breloom,286,"['grass', 'fighting']"
286,1.0,1.0,1.0,1.0,1.0,2.0,1.0,1.0,0.0,1.0,1.0,1.0,1.0,1.0,1.0,1.0,1.0,1.0,Slacker Pokémon,Slakoth,287,['normal']
287,1.0,1.0,1.0,1.0,1.0,2.0,1.0,1.0,0.0,1.0,1.0,1.0,1.0,1.0,1.0,1.0,1.0,1.0,Wild Monkey Pokémon,Vigoroth,288,['normal']
288,1.0,1.0,1.0,1.0,1.0,2.0,1.0,1.0,0.0,1.0,1.0,1.0,1.0,1.0,1.0,1.0,1.0,1.0,Lazy Pokémon,Slaking,289,['normal']
289,1.0,1.0,1.0,0.0,1.0,0.5,2.0,2.0,1.0,1.0,0.5,2.0,1.0,0.5,1.0,1.0,1.0,2.0,Trainee Pokémon,Nincada,290,"['bug', 'ground']"
290,0.5,1.0,1.0,2.0,1.0,0.25,2.0,2.0,1.0,0.25,0.0,2.0,1.0,1.0,1.0,4.0,1.0,1.0,Ninja Pokémon,Ninjask,291,"['bug', 'flying']"
291,0.5,2.0,1.0,1.0,1.0,0.0,2.0,2.0,2.0,0.5,0.5,1.0,0.0,0.5,1.0,2.0,1.0,1.0,Shed Pokémon,Shedinja,292,"['bug', 'ghost']"
292,1.0,1.0,1.0,1.0,1.0,2.0,1.0,1.0,0.0,1.0,1.0,1.0,1.0,1.0,1.0,1.0,1.0,1.0,Whisper Pokémon,Whismur,293,['normal']
293,1.0,1.0,1.0,1.0,1.0,2.0,1.0,1.0,0.0,1.0,1.0,1.0,1.0,1.0,1.0,1.0,1.0,1.0,Big Voice Pokémon,Loudred,294,['normal']
294,1.0,1.0,1.0,1.0,1.0,2.0,1.0,1.0,0.0,1.0,1.0,1.0,1.0,1.0,1.0,1.0,1.0,1.0,Loud Noise Pokémon,Exploud,295,['normal']
295,0.5,0.5,1.0,1.0,2.0,1.0,1.0,2.0,1.0,1.0,1.0,1.0,1.0,1.0,2.0,0.5,1.0,1.0,Guts Pokémon,Makuhita,296,['fighting']
296,0.5,0.5,1.0,1.0,2.0,1.0,1.0,2.0,1.0,1.0,1.0,1.0,1.0,1.0,2.0,0.5,1.0,1.0,Arm Thrust Pokémon,Hariyama,297,['fighting']
297,0.5,0.5,0.0,1.0,1.0,1.0,1.0,1.0,0.0,1.0,1.0,1.0,1.0,2.0,1.0,1.0,2.0,1.0,Polka Dot Pokémon,Azurill,298,"['normal', 'fairy']"
298,1.0,1.0,1.0,1.0,1.0,2.0,0.5,0.5,1.0,2.0,2.0,1.0,0.5,0.5,1.0,1.0,2.0,2.0,Compass Pokémon,Nosepass,299,['rock']
299,1.0,1.0,1.0,1.0,1.0,2.0,1.0,1.0,0.0,1.0,1.0,1.0,1.0,1.0,1.0,1.0,1.0,1.0,Kitten Pokémon,Skitty,300,['normal']
300,1.0,1.0,1.0,1.0,1.0,2.0,1.0,1.0,0.0,1.0,1.0,1.0,1.0,1.0,1.0,1.0,1.0,1.0,Prim Pokémon,Delcatty,301,['normal']
301,1.0,1.0,1.0,1.0,2.0,0.0,1.0,1.0,1.0,1.0,1.0,1.0,0.0,0.5,0.0,1.0,1.0,1.0,Darkness Pokémon,Sableye,302,"['dark', 'ghost']"
302,0.25,0.5,0.0,1.0,0.5,1.0,2.0,0.5,1.0,0.5,2.0,0.5,0.5,0.0,0.5,0.5,1.0,1.0,Deceiver Pokémon,Mawile,303,"['steel', 'fairy']"
303,0.5,1.0,0.5,1.0,0.5,4.0,1.0,0.25,1.0,1.0,4.0,0.5,0.25,0.0,0.5,0.5,1.0,2.0,Iron Armor Pokémon,Aron,304,"['steel', 'rock']"
304,0.5,1.0,0.5,1.0,0.5,4.0,1.0,0.25,1.0,1.0,4.0,0.5,0.25,0.0,0.5,0.5,1.0,2.0,Iron Armor Pokémon,Lairon,305,"['steel', 'rock']"
305,0.5,1.0,0.5,1.0,0.5,4.0,1.0,0.25,1.0,1.0,4.0,0.5,0.25,0.0,0.5,0.5,1.0,2.0,Iron Armor Pokémon,Aggron,306,"['steel', 'rock']"
306,1.0,1.0,1.0,1.0,2.0,0.5,1.0,2.0,2.0,1.0,1.0,1.0,1.0,1.0,1.0,0.5,1.0,1.0,Meditate Pokémon,Meditite,307,"['fighting', 'psychic']"
307,1.0,1.0,1.0,1.0,2.0,0.5,1.0,2.0,2.0,1.0,1.0,1.0,1.0,1.0,1.0,0.5,1.0,1.0,Meditate Pokémon,Medicham,308,"['fighting', 'psychic']"
308,1.0,1.0,1.0,0.5,1.0,1.0,1.0,0.5,1.0,1.0,2.0,1.0,1.0,1.0,1.0,1.0,0.5,1.0,Lightning Pokémon,Electrike,309,['electric']
309,1.0,1.0,1.0,0.5,1.0,1.0,1.0,0.5,1.0,1.0,2.0,1.0,1.0,1.0,1.0,1.0,0.5,1.0,Discharge Pokémon,Manectric,310,['electric']
310,1.0,1.0,1.0,0.5,1.0,1.0,1.0,0.5,1.0,1.0,2.0,1.0,1.0,1.0,1.0,1.0,0.5,1.0,Cheering Pokémon,Plusle,311,['electric']
311,1.0,1.0,1.0,0.5,1.0,1.0,1.0,0.5,1.0,1.0,2.0,1.0,1.0,1.0,1.0,1.0,0.5,1.0,Cheering Pokémon,Minun,312,['electric']
312,1.0,1.0,1.0,1.0,1.0,0.5,2.0,2.0,1.0,0.5,0.5,1.0,1.0,1.0,1.0,2.0,1.0,1.0,Firefly Pokémon,Volbeat,313,['bug']
313,1.0,1.0,1.0,1.0,1.0,0.5,2.0,2.0,1.0,0.5,0.5,1.0,1.0,1.0,1.0,2.0,1.0,1.0,Firefly Pokémon,Illumise,314,['bug']
314,1.0,1.0,1.0,0.5,0.5,0.5,2.0,2.0,1.0,0.25,1.0,2.0,1.0,1.0,2.0,1.0,1.0,0.5,Thorn Pokémon,Roselia,315,"['grass', 'poison']"
315,0.5,1.0,1.0,1.0,0.5,0.5,1.0,1.0,1.0,0.5,2.0,1.0,1.0,0.5,2.0,1.0,1.0,1.0,Stomach Pokémon,Gulpin,316,['poison']
316,0.5,1.0,1.0,1.0,0.5,0.5,1.0,1.0,1.0,0.5,2.0,1.0,1.0,0.5,2.0,1.0,1.0,1.0,Poison Bag Pokémon,Swalot,317,['poison']
317,2.0,0.5,1.0,2.0,2.0,2.0,0.5,1.0,0.5,2.0,1.0,0.5,1.0,1.0,0.0,1.0,0.5,0.5,Savage Pokémon,Carvanha,318,"['water', 'dark']"
318,2.0,0.5,1.0,2.0,2.0,2.0,0.5,1.0,0.5,2.0,1.0,0.5,1.0,1.0,0.0,1.0,0.5,0.5,Brutal Pokémon,Sharpedo,319,"['water', 'dark']"
319,1.0,1.0,1.0,2.0,1.0,1.0,0.5,1.0,1.0,2.0,1.0,0.5,1.0,1.0,1.0,1.0,0.5,0.5,Ball Whale Pokémon,Wailmer,320,['water']
320,1.0,1.0,1.0,2.0,1.0,1.0,0.5,1.0,1.0,2.0,1.0,0.5,1.0,1.0,1.0,1.0,0.5,0.5,Float Whale Pokémon,Wailord,321,['water']
321,0.5,1.0,1.0,0.0,0.5,1.0,0.5,1.0,1.0,1.0,2.0,1.0,1.0,0.5,1.0,1.0,0.5,4.0,Numb Pokémon,Numel,322,"['fire', 'ground']"
322,0.5,1.0,1.0,0.0,0.5,1.0,0.5,1.0,1.0,1.0,2.0,1.0,1.0,0.5,1.0,1.0,0.5,4.0,Eruption Pokémon,Camerupt,323,"['fire', 'ground']"
323,0.5,1.0,1.0,1.0,0.5,1.0,0.5,1.0,1.0,0.5,2.0,0.5,1.0,1.0,1.0,2.0,0.5,2.0,Coal Pokémon,Torkoal,324,['fire']
324,2.0,2.0,1.0,1.0,1.0,0.5,1.0,1.0,2.0,1.0,1.0,1.0,1.0,1.0,0.5,1.0,1.0,1.0,Bounce Pokémon,Spoink,325,['psychic']
325,2.0,2.0,1.0,1.0,1.0,0.5,1.0,1.0,2.0,1.0,1.0,1.0,1.0,1.0,0.5,1.0,1.0,1.0,Manipulate Pokémon,Grumpig,326,['psychic']
326,1.0,1.0,1.0,1.0,1.0,2.0,1.0,1.0,0.0,1.0,1.0,1.0,1.0,1.0,1.0,1.0,1.0,1.0,Spot Panda Pokémon,Spinda,327,['normal']
327,1.0,1.0,1.0,0.0,1.0,1.0,1.0,1.0,1.0,2.0,1.0,2.0,1.0,0.5,1.0,0.5,1.0,2.0,Ant Pit Pokémon,Trapinch,328,['ground']
328,1.0,1.0,2.0,0.0,2.0,1.0,0.5,1.0,1.0,1.0,1.0,4.0,1.0,0.5,1.0,0.5,1.0,1.0,Vibration Pokémon,Vibrava,329,"['ground', 'dragon']"
329,1.0,1.0,2.0,0.0,2.0,1.0,0.5,1.0,1.0,1.0,1.0,4.0,1.0,0.5,1.0,0.5,1.0,1.0,Mystic Pokémon,Flygon,330,"['ground', 'dragon']"
330,2.0,1.0,1.0,0.5,1.0,1.0,2.0,2.0,1.0,0.5,0.5,2.0,1.0,2.0,1.0,1.0,1.0,0.5,Cactus Pokémon,Cacnea,331,['grass']
331,4.0,0.5,1.0,0.5,2.0,2.0,2.0,2.0,0.5,0.5,0.5,2.0,1.0,2.0,0.0,1.0,1.0,0.5,Scarecrow Pokémon,Cacturne,332,"['grass', 'dark']"
332,0.5,1.0,1.0,2.0,1.0,1.0,1.0,1.0,0.0,0.5,0.0,2.0,1.0,1.0,1.0,2.0,1.0,1.0,Cotton Bird Pokémon,Swablu,333,"['normal', 'flying']"
333,0.5,1.0,2.0,1.0,2.0,0.5,0.5,1.0,1.0,0.25,0.0,4.0,1.0,1.0,1.0,2.0,1.0,0.5,Humming Pokémon,Altaria,334,"['dragon', 'flying']"
334,1.0,1.0,1.0,1.0,1.0,2.0,1.0,1.0,0.0,1.0,1.0,1.0,1.0,1.0,1.0,1.0,1.0,1.0,Cat Ferret Pokémon,Zangoose,335,['normal']
335,0.5,1.0,1.0,1.0,0.5,0.5,1.0,1.0,1.0,0.5,2.0,1.0,1.0,0.5,2.0,1.0,1.0,1.0,Fang Snake Pokémon,Seviper,336,['poison']
336,2.0,2.0,1.0,1.0,1.0,1.0,0.5,0.5,2.0,2.0,2.0,1.0,0.5,0.5,0.5,1.0,2.0,2.0,Meteorite Pokémon,Lunatone,337,"['rock', 'psychic']"
337,2.0,2.0,1.0,1.0,1.0,1.0,0.5,0.5,2.0,2.0,2.0,1.0,0.5,0.5,0.5,1.0,2.0,2.0,Meteorite Pokémon,Solrock,338,"['rock', 'psychic']"
338,1.0,1.0,1.0,0.0,1.0,1.0,0.5,1.0,1.0,4.0,1.0,1.0,1.0,0.5,1.0,0.5,0.5,1.0,Whiskers Pokémon,Barboach,339,"['water', 'ground']"
339,1.0,1.0,1.0,0.0,1.0,1.0,0.5,1.0,1.0,4.0,1.0,1.0,1.0,0.5,1.0,0.5,0.5,1.0,Whiskers Pokémon,Whiscash,340,"['water', 'ground']"
340,1.0,1.0,1.0,2.0,1.0,1.0,0.5,1.0,1.0,2.0,1.0,0.5,1.0,1.0,1.0,1.0,0.5,0.5,Ruffian Pokémon,Corphish,341,['water']
341,2.0,0.5,1.0,2.0,2.0,2.0,0.5,1.0,0.5,2.0,1.0,0.5,1.0,1.0,0.0,1.0,0.5,0.5,Rogue Pokémon,Crawdaunt,342,"['water', 'dark']"
342,2.0,2.0,1.0,0.0,1.0,0.5,1.0,1.0,2.0,2.0,1.0,2.0,1.0,0.5,0.5,0.5,1.0,2.0,Clay Doll Pokémon,Baltoy,343,"['ground', 'psychic']"
343,2.0,2.0,1.0,0.0,1.0,0.5,1.0,1.0,2.0,2.0,1.0,2.0,1.0,0.5,0.5,0.5,1.0,2.0,Clay Doll Pokémon,Claydol,344,"['ground', 'psychic']"
344,2.0,1.0,1.0,0.5,1.0,2.0,1.0,1.0,1.0,1.0,1.0,2.0,0.5,1.0,1.0,1.0,2.0,1.0,Sea Lily Pokémon,Lileep,345,"['rock', 'grass']"
345,2.0,1.0,1.0,0.5,1.0,2.0,1.0,1.0,1.0,1.0,1.0,2.0,0.5,1.0,1.0,1.0,2.0,1.0,Barnacle Pokémon,Cradily,346,"['rock', 'grass']"
346,1.0,1.0,1.0,1.0,1.0,1.0,1.0,1.0,1.0,1.0,1.0,1.0,0.5,0.5,1.0,2.0,2.0,2.0,Old Shrimp Pokémon,Anorith,347,"['rock', 'bug']"
347,1.0,1.0,1.0,1.0,1.0,1.0,1.0,1.0,1.0,1.0,1.0,1.0,0.5,0.5,1.0,2.0,2.0,2.0,Plate Pokémon,Armaldo,348,"['rock', 'bug']"
348,1.0,1.0,1.0,2.0,1.0,1.0,0.5,1.0,1.0,2.0,1.0,0.5,1.0,1.0,1.0,1.0,0.5,0.5,Fish Pokémon,Feebas,349,['water']
349,1.0,1.0,1.0,2.0,1.0,1.0,0.5,1.0,1.0,2.0,1.0,0.5,1.0,1.0,1.0,1.0,0.5,0.5,Tender Pokémon,Milotic,350,['water']
350,1.0,1.0,1.0,1.0,1.0,2.0,1.0,1.0,0.0,1.0,1.0,1.0,1.0,1.0,1.0,1.0,1.0,1.0,Weather Pokémon,Castform,351,['normal']
351,1.0,1.0,1.0,1.0,1.0,2.0,1.0,1.0,0.0,1.0,1.0,1.0,1.0,1.0,1.0,1.0,1.0,1.0,Color Swap Pokémon,Kecleon,352,['normal']
352,0.5,2.0,1.0,1.0,1.0,0.0,1.0,1.0,2.0,1.0,1.0,1.0,0.0,0.5,1.0,1.0,1.0,1.0,Puppet Pokémon,Shuppet,353,['ghost']
353,0.5,2.0,1.0,1.0,1.0,0.0,1.0,1.0,2.0,1.0,1.0,1.0,0.0,0.5,1.0,1.0,1.0,1.0,Marionette Pokémon,Banette,354,['ghost']
354,0.5,2.0,1.0,1.0,1.0,0.0,1.0,1.0,2.0,1.0,1.0,1.0,0.0,0.5,1.0,1.0,1.0,1.0,Requiem Pokémon,Duskull,355,['ghost']
355,0.5,2.0,1.0,1.0,1.0,0.0,1.0,1.0,2.0,1.0,1.0,1.0,0.0,0.5,1.0,1.0,1.0,1.0,Beckon Pokémon,Dusclops,356,['ghost']
356,1.0,1.0,1.0,1.0,1.0,0.5,2.0,2.0,1.0,0.25,0.0,4.0,1.0,2.0,1.0,2.0,1.0,0.5,Fruit Pokémon,Tropius,357,"['grass', 'flying']"
357,2.0,2.0,1.0,1.0,1.0,0.5,1.0,1.0,2.0,1.0,1.0,1.0,1.0,1.0,0.5,1.0,1.0,1.0,Wind Chime Pokémon,Chimecho,358,['psychic']
358,2.0,0.5,1.0,1.0,2.0,2.0,1.0,1.0,0.5,1.0,1.0,1.0,1.0,1.0,0.0,1.0,1.0,1.0,Disaster Pokémon,Absol,359,['dark']
359,2.0,2.0,1.0,1.0,1.0,0.5,1.0,1.0,2.0,1.0,1.0,1.0,1.0,1.0,0.5,1.0,1.0,1.0,Bright Pokémon,Wynaut,360,['psychic']
360,1.0,1.0,1.0,1.0,1.0,2.0,2.0,1.0,1.0,1.0,1.0,0.5,1.0,1.0,1.0,2.0,2.0,1.0,Snow Hat Pokémon,Snorunt,361,['ice']
361,1.0,1.0,1.0,1.0,1.0,2.0,2.0,1.0,1.0,1.0,1.0,0.5,1.0,1.0,1.0,2.0,2.0,1.0,Face Pokémon,Glalie,362,['ice']
362,1.0,1.0,1.0,2.0,1.0,2.0,1.0,1.0,1.0,2.0,1.0,0.25,1.0,1.0,1.0,2.0,1.0,0.5,Clap Pokémon,Spheal,363,"['ice', 'water']"
363,1.0,1.0,1.0,2.0,1.0,2.0,1.0,1.0,1.0,2.0,1.0,0.25,1.0,1.0,1.0,2.0,1.0,0.5,Ball Roll Pokémon,Sealeo,364,"['ice', 'water']"
364,1.0,1.0,1.0,2.0,1.0,2.0,1.0,1.0,1.0,2.0,1.0,0.25,1.0,1.0,1.0,2.0,1.0,0.5,Ice Break Pokémon,Walrein,365,"['ice', 'water']"
365,1.0,1.0,1.0,2.0,1.0,1.0,0.5,1.0,1.0,2.0,1.0,0.5,1.0,1.0,1.0,1.0,0.5,0.5,Bivalve Pokémon,Clamperl,366,['water']
366,1.0,1.0,1.0,2.0,1.0,1.0,0.5,1.0,1.0,2.0,1.0,0.5,1.0,1.0,1.0,1.0,0.5,0.5,Deep Sea Pokémon,Huntail,367,['water']
367,1.0,1.0,1.0,2.0,1.0,1.0,0.5,1.0,1.0,2.0,1.0,0.5,1.0,1.0,1.0,1.0,0.5,0.5,South Sea Pokémon,Gorebyss,368,['water']
368,1.0,1.0,1.0,2.0,1.0,2.0,0.25,0.5,1.0,4.0,2.0,0.5,0.5,0.5,1.0,1.0,1.0,1.0,Longevity Pokémon,Relicanth,369,"['water', 'rock']"
369,1.0,1.0,1.0,2.0,1.0,1.0,0.5,1.0,1.0,2.0,1.0,0.5,1.0,1.0,1.0,1.0,0.5,0.5,Rendezvous Pokémon,Luvdisc,370,['water']
370,1.0,1.0,2.0,0.5,2.0,1.0,0.5,1.0,1.0,0.5,1.0,2.0,1.0,1.0,1.0,1.0,1.0,0.5,Rock Head Pokémon,Bagon,371,['dragon']
371,1.0,1.0,2.0,0.5,2.0,1.0,0.5,1.0,1.0,0.5,1.0,2.0,1.0,1.0,1.0,1.0,1.0,0.5,Endurance Pokémon,Shelgon,372,['dragon']
372,0.5,1.0,2.0,1.0,2.0,0.5,0.5,1.0,1.0,0.25,0.0,4.0,1.0,1.0,1.0,2.0,1.0,0.5,Dragon Pokémon,Salamence,373,"['dragon', 'flying']"
373,1.0,2.0,0.5,1.0,0.5,1.0,2.0,0.5,2.0,0.5,2.0,0.5,0.5,0.0,0.25,0.5,0.5,1.0,Iron Ball Pokémon,Beldum,374,"['steel', 'psychic']"
374,1.0,2.0,0.5,1.0,0.5,1.0,2.0,0.5,2.0,0.5,2.0,0.5,0.5,0.0,0.25,0.5,0.5,1.0,Iron Claw Pokémon,Metang,375,"['steel', 'psychic']"
375,1.0,2.0,0.5,1.0,0.5,1.0,2.0,0.5,2.0,0.5,2.0,0.5,0.5,0.0,0.25,0.5,0.5,1.0,Iron Leg Pokémon,Metagross,376,"['steel', 'psychic']"
376,1.0,1.0,1.0,1.0,1.0,2.0,0.5,0.5,1.0,2.0,2.0,1.0,0.5,0.5,1.0,1.0,2.0,2.0,Rock Peak Pokémon,Regirock,377,['rock']
377,1.0,1.0,1.0,1.0,1.0,2.0,2.0,1.0,1.0,1.0,1.0,0.5,1.0,1.0,1.0,2.0,2.0,1.0,Iceberg Pokémon,Regice,378,['ice']
378,0.5,1.0,0.5,1.0,0.5,2.0,2.0,0.5,1.0,0.5,2.0,0.5,0.5,0.0,0.5,0.5,0.5,1.0,Iron Pokémon,Registeel,379,['steel']
379,2.0,2.0,2.0,0.5,2.0,0.5,0.5,1.0,2.0,0.5,1.0,2.0,1.0,1.0,0.5,1.0,1.0,0.5,Eon Pokémon,Latias,380,"['dragon', 'psychic']"
380,2.0,2.0,2.0,0.5,2.0,0.5,0.5,1.0,2.0,0.5,1.0,2.0,1.0,1.0,0.5,1.0,1.0,0.5,Eon Pokémon,Latios,381,"['dragon', 'psychic']"
381,1.0,1.0,1.0,2.0,1.0,1.0,0.5,1.0,1.0,2.0,1.0,0.5,1.0,1.0,1.0,1.0,0.5,0.5,Sea Basin Pokémon,Kyogre,382,['water']
382,1.0,1.0,1.0,0.0,1.0,1.0,1.0,1.0,1.0,2.0,1.0,2.0,1.0,0.5,1.0,0.5,1.0,2.0,Continent Pokémon,Groudon,383,['ground']
383,0.5,1.0,2.0,1.0,2.0,0.5,0.5,1.0,1.0,0.25,0.0,4.0,1.0,1.0,1.0,2.0,1.0,0.5,Sky High Pokémon,Rayquaza,384,"['dragon', 'flying']"
384,1.0,2.0,0.5,1.0,0.5,1.0,2.0,0.5,2.0,0.5,2.0,0.5,0.5,0.0,0.25,0.5,0.5,1.0,Wish Pokémon,Jirachi,385,"['steel', 'psychic']"
385,2.0,2.0,1.0,1.0,1.0,0.5,1.0,1.0,2.0,1.0,1.0,1.0,1.0,1.0,0.5,1.0,1.0,1.0,DNA Pokémon,Deoxys,386,['psychic']
386,2.0,1.0,1.0,0.5,1.0,1.0,2.0,2.0,1.0,0.5,0.5,2.0,1.0,2.0,1.0,1.0,1.0,0.5,Tiny Leaf Pokémon,Turtwig,387,['grass']
387,2.0,1.0,1.0,0.5,1.0,1.0,2.0,2.0,1.0,0.5,0.5,2.0,1.0,2.0,1.0,1.0,1.0,0.5,Grove Pokémon,Grotle,388,['grass']
388,2.0,1.0,1.0,0.0,1.0,1.0,2.0,2.0,1.0,1.0,0.5,4.0,1.0,1.0,1.0,0.5,1.0,1.0,Continent Pokémon,Torterra,389,"['grass', 'ground']"
389,0.5,1.0,1.0,1.0,0.5,1.0,0.5,1.0,1.0,0.5,2.0,0.5,1.0,1.0,1.0,2.0,0.5,2.0,Chimp Pokémon,Chimchar,390,['fire']
390,0.25,0.5,1.0,1.0,1.0,1.0,0.5,2.0,1.0,0.5,2.0,0.5,1.0,1.0,2.0,1.0,0.5,2.0,Playful Pokémon,Monferno,391,"['fire', 'fighting']"
391,0.25,0.5,1.0,1.0,1.0,1.0,0.5,2.0,1.0,0.5,2.0,0.5,1.0,1.0,2.0,1.0,0.5,2.0,Flame Pokémon,Infernape,392,"['fire', 'fighting']"
392,1.0,1.0,1.0,2.0,1.0,1.0,0.5,1.0,1.0,2.0,1.0,0.5,1.0,1.0,1.0,1.0,0.5,0.5,Penguin Pokémon,Piplup,393,['water']
393,1.0,1.0,1.0,2.0,1.0,1.0,0.5,1.0,1.0,2.0,1.0,0.5,1.0,1.0,1.0,1.0,0.5,0.5,Penguin Pokémon,Prinplup,394,['water']
394,0.5,1.0,0.5,2.0,0.5,2.0,1.0,0.5,1.0,1.0,2.0,0.25,0.5,0.0,0.5,0.5,0.25,0.5,Emperor Pokémon,Empoleon,395,"['water', 'steel']"
395,0.5,1.0,1.0,2.0,1.0,1.0,1.0,1.0,0.0,0.5,0.0,2.0,1.0,1.0,1.0,2.0,1.0,1.0,Starling Pokémon,Starly,396,"['normal', 'flying']"
396,0.5,1.0,1.0,2.0,1.0,1.0,1.0,1.0,0.0,0.5,0.0,2.0,1.0,1.0,1.0,2.0,1.0,1.0,Starling Pokémon,Staravia,397,"['normal', 'flying']"
397,0.5,1.0,1.0,2.0,1.0,1.0,1.0,1.0,0.0,0.5,0.0,2.0,1.0,1.0,1.0,2.0,1.0,1.0,Predator Pokémon,Staraptor,398,"['normal', 'flying']"
398,1.0,1.0,1.0,1.0,1.0,2.0,1.0,1.0,0.0,1.0,1.0,1.0,1.0,1.0,1.0,1.0,1.0,1.0,Plump Mouse Pokémon,Bidoof,399,['normal']
399,1.0,1.0,1.0,2.0,1.0,2.0,0.5,1.0,0.0,2.0,1.0,0.5,1.0,1.0,1.0,1.0,0.5,0.5,Beaver Pokémon,Bibarel,400,"['normal', 'water']"
400,1.0,1.0,1.0,1.0,1.0,0.5,2.0,2.0,1.0,0.5,0.5,1.0,1.0,1.0,1.0,2.0,1.0,1.0,Cricket Pokémon,Kricketot,401,['bug']
401,1.0,1.0,1.0,1.0,1.0,0.5,2.0,2.0,1.0,0.5,0.5,1.0,1.0,1.0,1.0,2.0,1.0,1.0,Cricket Pokémon,Kricketune,402,['bug']
402,1.0,1.0,1.0,0.5,1.0,1.0,1.0,0.5,1.0,1.0,2.0,1.0,1.0,1.0,1.0,1.0,0.5,1.0,Flash Pokémon,Shinx,403,['electric']
403,1.0,1.0,1.0,0.5,1.0,1.0,1.0,0.5,1.0,1.0,2.0,1.0,1.0,1.0,1.0,1.0,0.5,1.0,Spark Pokémon,Luxio,404,['electric']
404,1.0,1.0,1.0,0.5,1.0,1.0,1.0,0.5,1.0,1.0,2.0,1.0,1.0,1.0,1.0,1.0,0.5,1.0,Gleam Eyes Pokémon,Luxray,405,['electric']
405,1.0,1.0,1.0,0.5,0.5,0.5,2.0,2.0,1.0,0.25,1.0,2.0,1.0,1.0,2.0,1.0,1.0,0.5,Bud Pokémon,Budew,406,"['grass', 'poison']"
406,1.0,1.0,1.0,0.5,0.5,0.5,2.0,2.0,1.0,0.25,1.0,2.0,1.0,1.0,2.0,1.0,1.0,0.5,Bouquet Pokémon,Roserade,407,"['grass', 'poison']"
407,1.0,1.0,1.0,1.0,1.0,2.0,0.5,0.5,1.0,2.0,2.0,1.0,0.5,0.5,1.0,1.0,2.0,2.0,Head Butt Pokémon,Cranidos,408,['rock']
408,1.0,1.0,1.0,1.0,1.0,2.0,0.5,0.5,1.0,2.0,2.0,1.0,0.5,0.5,1.0,1.0,2.0,2.0,Head Butt Pokémon,Rampardos,409,['rock']
409,0.5,1.0,0.5,1.0,0.5,4.0,1.0,0.25,1.0,1.0,4.0,0.5,0.25,0.0,0.5,0.5,1.0,2.0,Shield Pokémon,Shieldon,410,"['rock', 'steel']"
410,0.5,1.0,0.5,1.0,0.5,4.0,1.0,0.25,1.0,1.0,4.0,0.5,0.25,0.0,0.5,0.5,1.0,2.0,Shield Pokémon,Bastiodon,411,"['rock', 'steel']"
411,1.0,1.0,1.0,1.0,1.0,0.5,2.0,2.0,1.0,0.5,0.5,1.0,1.0,1.0,1.0,2.0,1.0,1.0,Bagworm Pokémon,Burmy,412,['bug']
412,2.0,1.0,1.0,0.5,1.0,0.5,4.0,4.0,1.0,0.25,0.25,2.0,1.0,2.0,1.0,2.0,1.0,0.5,Bagworm Pokémon,Wormadam,413,"['bug', 'grass']"
413,0.5,1.0,1.0,2.0,1.0,0.25,2.0,2.0,1.0,0.25,0.0,2.0,1.0,1.0,1.0,4.0,1.0,1.0,Moth Pokémon,Mothim,414,"['bug', 'flying']"
414,0.5,1.0,1.0,2.0,1.0,0.25,2.0,2.0,1.0,0.25,0.0,2.0,1.0,1.0,1.0,4.0,1.0,1.0,Tiny Bee Pokémon,Combee,415,"['bug', 'flying']"
415,0.5,1.0,1.0,2.0,1.0,0.25,2.0,2.0,1.0,0.25,0.0,2.0,1.0,1.0,1.0,4.0,1.0,1.0,Beehive Pokémon,Vespiquen,416,"['bug', 'flying']"
416,1.0,1.0,1.0,0.5,1.0,1.0,1.0,0.5,1.0,1.0,2.0,1.0,1.0,1.0,1.0,1.0,0.5,1.0,EleSquirrel Pokémon,Pachirisu,417,['electric']
417,1.0,1.0,1.0,2.0,1.0,1.0,0.5,1.0,1.0,2.0,1.0,0.5,1.0,1.0,1.0,1.0,0.5,0.5,Sea Weasel Pokémon,Buizel,418,['water']
418,1.0,1.0,1.0,2.0,1.0,1.0,0.5,1.0,1.0,2.0,1.0,0.5,1.0,1.0,1.0,1.0,0.5,0.5,Sea Weasel Pokémon,Floatzel,419,['water']
419,2.0,1.0,1.0,0.5,1.0,1.0,2.0,2.0,1.0,0.5,0.5,2.0,1.0,2.0,1.0,1.0,1.0,0.5,Cherry Pokémon,Cherubi,420,['grass']
420,2.0,1.0,1.0,0.5,1.0,1.0,2.0,2.0,1.0,0.5,0.5,2.0,1.0,2.0,1.0,1.0,1.0,0.5,Blossom Pokémon,Cherrim,421,['grass']
421,1.0,1.0,1.0,2.0,1.0,1.0,0.5,1.0,1.0,2.0,1.0,0.5,1.0,1.0,1.0,1.0,0.5,0.5,Sea Slug Pokémon,Shellos,422,['water']
422,1.0,1.0,1.0,0.0,1.0,1.0,0.5,1.0,1.0,4.0,1.0,1.0,1.0,0.5,1.0,0.5,0.5,1.0,Sea Slug Pokémon,Gastrodon,423,"['water', 'ground']"
423,1.0,1.0,1.0,1.0,1.0,2.0,1.0,1.0,0.0,1.0,1.0,1.0,1.0,1.0,1.0,1.0,1.0,1.0,Long Tail Pokémon,Ambipom,424,['normal']
424,0.25,2.0,1.0,2.0,1.0,0.0,1.0,1.0,2.0,0.5,0.0,2.0,0.0,0.5,1.0,2.0,1.0,1.0,Balloon Pokémon,Drifloon,425,"['ghost', 'flying']"
425,0.25,2.0,1.0,2.0,1.0,0.0,1.0,1.0,2.0,0.5,0.0,2.0,0.0,0.5,1.0,2.0,1.0,1.0,Blimp Pokémon,Drifblim,426,"['ghost', 'flying']"
426,1.0,1.0,1.0,1.0,1.0,2.0,1.0,1.0,0.0,1.0,1.0,1.0,1.0,1.0,1.0,1.0,1.0,1.0,Rabbit Pokémon,Buneary,427,['normal']
427,1.0,1.0,1.0,1.0,1.0,2.0,1.0,1.0,0.0,1.0,1.0,1.0,1.0,1.0,1.0,1.0,1.0,1.0,Rabbit Pokémon,Lopunny,428,['normal']
428,0.5,2.0,1.0,1.0,1.0,0.0,1.0,1.0,2.0,1.0,1.0,1.0,0.0,0.5,1.0,1.0,1.0,1.0,Magical Pokémon,Mismagius,429,['ghost']
429,1.0,0.5,1.0,2.0,2.0,1.0,1.0,1.0,0.5,0.5,0.0,2.0,1.0,1.0,0.0,2.0,1.0,1.0,Big Boss Pokémon,Honchkrow,430,"['dark', 'flying']"
430,1.0,1.0,1.0,1.0,1.0,2.0,1.0,1.0,0.0,1.0,1.0,1.0,1.0,1.0,1.0,1.0,1.0,1.0,Catty Pokémon,Glameow,431,['normal']
431,1.0,1.0,1.0,1.0,1.0,2.0,1.0,1.0,0.0,1.0,1.0,1.0,1.0,1.0,1.0,1.0,1.0,1.0,Tiger Cat Pokémon,Purugly,432,['normal']
432,2.0,2.0,1.0,1.0,1.0,0.5,1.0,1.0,2.0,1.0,1.0,1.0,1.0,1.0,0.5,1.0,1.0,1.0,Bell Pokémon,Chingling,433,['psychic']
433,1.0,0.5,1.0,1.0,1.0,1.0,1.0,1.0,0.5,0.5,2.0,1.0,1.0,0.5,0.0,1.0,1.0,1.0,Skunk Pokémon,Stunky,434,"['poison', 'dark']"
434,1.0,0.5,1.0,1.0,1.0,1.0,1.0,1.0,0.5,0.5,2.0,1.0,1.0,0.5,0.0,1.0,1.0,1.0,Skunk Pokémon,Skuntank,435,"['poison', 'dark']"
435,1.0,2.0,0.5,1.0,0.5,1.0,2.0,0.5,2.0,0.5,2.0,0.5,0.5,0.0,0.25,0.5,0.5,1.0,Bronze Pokémon,Bronzor,436,"['steel', 'psychic']"
436,1.0,2.0,0.5,1.0,0.5,1.0,2.0,0.5,2.0,0.5,2.0,0.5,0.5,0.0,0.25,0.5,0.5,1.0,Bronze Bell Pokémon,Bronzong,437,"['steel', 'psychic']"
437,1.0,1.0,1.0,1.0,1.0,2.0,0.5,0.5,1.0,2.0,2.0,1.0,0.5,0.5,1.0,1.0,2.0,2.0,Bonsai Pokémon,Bonsly,438,['rock']
438,1.0,1.0,0.0,1.0,1.0,0.25,1.0,1.0,2.0,1.0,1.0,1.0,1.0,2.0,0.5,1.0,2.0,1.0,Mime Pokémon,Mime Jr.,439,"['psychic', 'fairy']"
439,1.0,1.0,1.0,1.0,1.0,2.0,1.0,1.0,0.0,1.0,1.0,1.0,1.0,1.0,1.0,1.0,1.0,1.0,Playhouse Pokémon,Happiny,440,['normal']
440,0.5,1.0,1.0,2.0,1.0,1.0,1.0,1.0,0.0,0.5,0.0,2.0,1.0,1.0,1.0,2.0,1.0,1.0,Music Note Pokémon,Chatot,441,"['normal', 'flying']"
441,1.0,1.0,1.0,1.0,2.0,0.0,1.0,1.0,1.0,1.0,1.0,1.0,0.0,0.5,0.0,1.0,1.0,1.0,Forbidden Pokémon,Spiritomb,442,"['ghost', 'dark']"
442,1.0,1.0,2.0,0.0,2.0,1.0,0.5,1.0,1.0,1.0,1.0,4.0,1.0,0.5,1.0,0.5,1.0,1.0,Land Shark Pokémon,Gible,443,"['dragon', 'ground']"
443,1.0,1.0,2.0,0.0,2.0,1.0,0.5,1.0,1.0,1.0,1.0,4.0,1.0,0.5,1.0,0.5,1.0,1.0,Cave Pokémon,Gabite,444,"['dragon', 'ground']"
444,1.0,1.0,2.0,0.0,2.0,1.0,0.5,1.0,1.0,1.0,1.0,4.0,1.0,0.5,1.0,0.5,1.0,1.0,Mach Pokémon,Garchomp,445,"['dragon', 'ground']"
445,1.0,1.0,1.0,1.0,1.0,2.0,1.0,1.0,0.0,1.0,1.0,1.0,1.0,1.0,1.0,1.0,1.0,1.0,Big Eater Pokémon,Munchlax,446,['normal']
446,0.5,0.5,1.0,1.0,2.0,1.0,1.0,2.0,1.0,1.0,1.0,1.0,1.0,1.0,2.0,0.5,1.0,1.0,Emanation Pokémon,Riolu,447,['fighting']
447,0.25,0.5,0.5,1.0,1.0,2.0,2.0,1.0,1.0,0.5,2.0,0.5,0.5,0.0,1.0,0.25,0.5,1.0,Aura Pokémon,Lucario,448,"['fighting', 'steel']"
448,1.0,1.0,1.0,0.0,1.0,1.0,1.0,1.0,1.0,2.0,1.0,2.0,1.0,0.5,1.0,0.5,1.0,2.0,Hippo Pokémon,Hippopotas,449,['ground']
449,1.0,1.0,1.0,0.0,1.0,1.0,1.0,1.0,1.0,2.0,1.0,2.0,1.0,0.5,1.0,0.5,1.0,2.0,Heavyweight Pokémon,Hippowdon,450,['ground']
450,0.5,1.0,1.0,1.0,0.5,0.25,2.0,2.0,1.0,0.25,1.0,1.0,1.0,0.5,2.0,2.0,1.0,1.0,Scorpion Pokémon,Skorupi,451,"['poison', 'bug']"
451,1.0,0.5,1.0,1.0,1.0,1.0,1.0,1.0,0.5,0.5,2.0,1.0,1.0,0.5,0.0,1.0,1.0,1.0,Ogre Scorp Pokémon,Drapion,452,"['poison', 'dark']"
452,0.25,0.5,1.0,1.0,1.0,0.5,1.0,2.0,1.0,0.5,2.0,1.0,1.0,0.5,4.0,0.5,1.0,1.0,Toxic Mouth Pokémon,Croagunk,453,"['poison', 'fighting']"
453,0.25,0.5,1.0,1.0,1.0,0.5,1.0,2.0,1.0,0.5,2.0,1.0,1.0,0.5,4.0,0.5,1.0,1.0,Toxic Mouth Pokémon,Toxicroak,454,"['poison', 'fighting']"
454,2.0,1.0,1.0,0.5,1.0,1.0,2.0,2.0,1.0,0.5,0.5,2.0,1.0,2.0,1.0,1.0,1.0,0.5,Bug Catcher Pokémon,Carnivine,455,['grass']
455,1.0,1.0,1.0,2.0,1.0,1.0,0.5,1.0,1.0,2.0,1.0,0.5,1.0,1.0,1.0,1.0,0.5,0.5,Wing Fish Pokémon,Finneon,456,['water']
456,1.0,1.0,1.0,2.0,1.0,1.0,0.5,1.0,1.0,2.0,1.0,0.5,1.0,1.0,1.0,1.0,0.5,0.5,Neon Pokémon,Lumineon,457,['water']
457,0.5,1.0,1.0,4.0,1.0,0.5,0.5,1.0,1.0,1.0,0.0,1.0,1.0,1.0,1.0,2.0,0.5,0.5,Kite Pokémon,Mantyke,458,"['water', 'flying']"
458,2.0,1.0,1.0,0.5,1.0,2.0,4.0,2.0,1.0,0.5,0.5,1.0,1.0,2.0,1.0,2.0,2.0,0.5,Frosted Tree Pokémon,Snover,459,"['grass', 'ice']"
459,2.0,1.0,1.0,0.5,1.0,2.0,4.0,2.0,1.0,0.5,0.5,1.0,1.0,2.0,1.0,2.0,2.0,0.5,Frosted Tree Pokémon,Abomasnow,460,"['grass', 'ice']"
460,2.0,0.5,1.0,1.0,2.0,4.0,2.0,1.0,0.5,1.0,1.0,0.5,1.0,1.0,0.0,2.0,2.0,1.0,Sharp Claw Pokémon,Weavile,461,"['dark', 'ice']"
461,0.5,1.0,0.5,0.5,0.5,2.0,2.0,0.25,1.0,0.5,4.0,0.5,0.5,0.0,0.5,0.5,0.25,1.0,Magnet Area Pokémon,Magnezone,462,"['electric', 'steel']"
462,1.0,1.0,1.0,1.0,1.0,2.0,1.0,1.0,0.0,1.0,1.0,1.0,1.0,1.0,1.0,1.0,1.0,1.0,Licking Pokémon,Lickilicky,463,['normal']
463,1.0,1.0,1.0,0.0,1.0,2.0,0.5,0.5,1.0,4.0,2.0,2.0,0.5,0.25,1.0,0.5,2.0,4.0,Drill Pokémon,Rhyperior,464,"['ground', 'rock']"
464,2.0,1.0,1.0,0.5,1.0,1.0,2.0,2.0,1.0,0.5,0.5,2.0,1.0,2.0,1.0,1.0,1.0,0.5,Vine Pokémon,Tangrowth,465,['grass']
465,1.0,1.0,1.0,0.5,1.0,1.0,1.0,0.5,1.0,1.0,2.0,1.0,1.0,1.0,1.0,1.0,0.5,1.0,Thunderbolt Pokémon,Electivire,466,['electric']
466,0.5,1.0,1.0,1.0,0.5,1.0,0.5,1.0,1.0,0.5,2.0,0.5,1.0,1.0,1.0,2.0,0.5,2.0,Blast Pokémon,Magmortar,467,['fire']
467,0.25,0.5,0.0,2.0,1.0,0.25,1.0,1.0,1.0,0.5,0.0,2.0,1.0,2.0,1.0,2.0,2.0,1.0,Jubilee Pokémon,Togekiss,468,"['fairy', 'flying']"
468,0.5,1.0,1.0,2.0,1.0,0.25,2.0,2.0,1.0,0.25,0.0,2.0,1.0,1.0,1.0,4.0,1.0,1.0,Ogre Darner Pokémon,Yanmega,469,"['bug', 'flying']"
469,2.0,1.0,1.0,0.5,1.0,1.0,2.0,2.0,1.0,0.5,0.5,2.0,1.0,2.0,1.0,1.0,1.0,0.5,Verdant Pokémon,Leafeon,470,['grass']
470,1.0,1.0,1.0,1.0,1.0,2.0,2.0,1.0,1.0,1.0,1.0,0.5,1.0,1.0,1.0,2.0,2.0,1.0,Fresh Snow Pokémon,Glaceon,471,['ice']
471,0.5,1.0,1.0,0.0,1.0,0.5,1.0,1.0,1.0,1.0,0.0,4.0,1.0,0.5,1.0,1.0,1.0,2.0,Fang Scorp Pokémon,Gliscor,472,"['ground', 'flying']"
472,1.0,1.0,1.0,0.0,1.0,2.0,2.0,1.0,1.0,2.0,1.0,1.0,1.0,0.5,1.0,1.0,2.0,2.0,Twin Tusk Pokémon,Mamoswine,473,"['ice', 'ground']"
473,1.0,1.0,1.0,1.0,1.0,2.0,1.0,1.0,0.0,1.0,1.0,1.0,1.0,1.0,1.0,1.0,1.0,1.0,Virtual Pokémon,Porygon-Z,474,['normal']
474,1.0,1.0,1.0,1.0,2.0,0.5,1.0,2.0,2.0,1.0,1.0,1.0,1.0,1.0,1.0,0.5,1.0,1.0,Blade Pokémon,Gallade,475,"['psychic', 'fighting']"
475,0.5,1.0,0.5,1.0,0.5,4.0,1.0,0.25,1.0,1.0,4.0,0.5,0.25,0.0,0.5,0.5,1.0,2.0,Compass Pokémon,Probopass,476,"['rock', 'steel']"
476,0.5,2.0,1.0,1.0,1.0,0.0,1.0,1.0,2.0,1.0,1.0,1.0,0.0,0.5,1.0,1.0,1.0,1.0,Gripper Pokémon,Dusknoir,477,['ghost']
477,0.5,2.0,1.0,1.0,1.0,0.0,2.0,1.0,2.0,1.0,1.0,0.5,0.0,0.5,1.0,2.0,2.0,1.0,Snow Land Pokémon,Froslass,478,"['ice', 'ghost']"
478,0.5,2.0,1.0,0.5,1.0,0.0,1.0,0.5,2.0,1.0,2.0,1.0,0.0,0.5,1.0,1.0,0.5,1.0,Plasma Pokémon,Rotom,479,"['electric', 'ghost']"
479,2.0,2.0,1.0,1.0,1.0,0.5,1.0,1.0,2.0,1.0,1.0,1.0,1.0,1.0,0.5,1.0,1.0,1.0,Knowledge Pokémon,Uxie,480,['psychic']
480,2.0,2.0,1.0,1.0,1.0,0.5,1.0,1.0,2.0,1.0,1.0,1.0,1.0,1.0,0.5,1.0,1.0,1.0,Emotion Pokémon,Mesprit,481,['psychic']
481,2.0,2.0,1.0,1.0,1.0,0.5,1.0,1.0,2.0,1.0,1.0,1.0,1.0,1.0,0.5,1.0,1.0,1.0,Willpower Pokémon,Azelf,482,['psychic']
482,0.5,1.0,1.0,0.5,1.0,2.0,1.0,0.5,1.0,0.25,2.0,1.0,0.5,0.0,0.5,0.5,0.5,0.5,Temporal Pokémon,Dialga,483,"['steel', 'dragon']"
483,1.0,1.0,2.0,1.0,2.0,1.0,0.25,1.0,1.0,1.0,1.0,1.0,1.0,1.0,1.0,1.0,0.5,0.25,Spatial Pokémon,Palkia,484,"['water', 'dragon']"
484,0.25,1.0,0.5,1.0,0.25,2.0,1.0,0.5,1.0,0.25,4.0,0.25,0.5,0.0,0.5,1.0,0.25,2.0,Lava Dome Pokémon,Heatran,485,"['fire', 'steel']"
485,1.0,1.0,1.0,1.0,1.0,2.0,1.0,1.0,0.0,1.0,1.0,1.0,1.0,1.0,1.0,1.0,1.0,1.0,Colossal Pokémon,Regigigas,486,['normal']
486,0.5,2.0,2.0,0.5,2.0,0.0,0.5,1.0,2.0,0.5,1.0,2.0,0.0,0.5,1.0,1.0,1.0,0.5,Renegade Pokémon,Giratina,487,"['ghost', 'dragon']"
487,2.0,2.0,1.0,1.0,1.0,0.5,1.0,1.0,2.0,1.0,1.0,1.0,1.0,1.0,0.5,1.0,1.0,1.0,Lunar Pokémon,Cresselia,488,['psychic']
488,1.0,1.0,1.0,2.0,1.0,1.0,0.5,1.0,1.0,2.0,1.0,0.5,1.0,1.0,1.0,1.0,0.5,0.5,Sea Drifter Pokémon,Phione,489,['water']
489,1.0,1.0,1.0,2.0,1.0,1.0,0.5,1.0,1.0,2.0,1.0,0.5,1.0,1.0,1.0,1.0,0.5,0.5,Seafaring Pokémon,Manaphy,490,['water']
490,2.0,0.5,1.0,1.0,2.0,2.0,1.0,1.0,0.5,1.0,1.0,1.0,1.0,1.0,0.0,1.0,1.0,1.0,Pitch-Black Pokémon,Darkrai,491,['dark']
491,2.0,1.0,1.0,0.5,1.0,1.0,2.0,2.0,1.0,0.5,0.5,2.0,1.0,2.0,1.0,1.0,1.0,0.5,Gratitude Pokémon,Shaymin,492,"['grass', 'grass']"
492,1.0,1.0,1.0,1.0,1.0,2.0,1.0,1.0,0.0,1.0,1.0,1.0,1.0,1.0,1.0,1.0,1.0,1.0,Alpha Pokémon,Arceus,493,['normal']
493,1.0,2.0,1.0,1.0,0.5,0.5,0.5,1.0,2.0,0.5,2.0,0.5,1.0,1.0,0.5,2.0,0.5,2.0,Victory Pokémon,Victini,494,"['psychic', 'fire']"
494,2.0,1.0,1.0,0.5,1.0,1.0,2.0,2.0,1.0,0.5,0.5,2.0,1.0,2.0,1.0,1.0,1.0,0.5,Grass Snake Pokémon,Snivy,495,['grass']
495,2.0,1.0,1.0,0.5,1.0,1.0,2.0,2.0,1.0,0.5,0.5,2.0,1.0,2.0,1.0,1.0,1.0,0.5,Grass Snake Pokémon,Servine,496,['grass']
496,2.0,1.0,1.0,0.5,1.0,1.0,2.0,2.0,1.0,0.5,0.5,2.0,1.0,2.0,1.0,1.0,1.0,0.5,Regal Pokémon,Serperior,497,['grass']
497,0.5,1.0,1.0,1.0,0.5,1.0,0.5,1.0,1.0,0.5,2.0,0.5,1.0,1.0,1.0,2.0,0.5,2.0,Fire Pig Pokémon,Tepig,498,['fire']
498,0.25,0.5,1.0,1.0,1.0,1.0,0.5,2.0,1.0,0.5,2.0,0.5,1.0,1.0,2.0,1.0,0.5,2.0,Fire Pig Pokémon,Pignite,499,"['fire', 'fighting']"
499,0.25,0.5,1.0,1.0,1.0,1.0,0.5,2.0,1.0,0.5,2.0,0.5,1.0,1.0,2.0,1.0,0.5,2.0,Mega Fire Pig Pokémon,Emboar,500,"['fire', 'fighting']"
500,1.0,1.0,1.0,2.0,1.0,1.0,0.5,1.0,1.0,2.0,1.0,0.5,1.0,1.0,1.0,1.0,0.5,0.5,Sea Otter Pokémon,Oshawott,501,['water']
501,1.0,1.0,1.0,2.0,1.0,1.0,0.5,1.0,1.0,2.0,1.0,0.5,1.0,1.0,1.0,1.0,0.5,0.5,Discipline Pokémon,Dewott,502,['water']
502,1.0,1.0,1.0,2.0,1.0,1.0,0.5,1.0,1.0,2.0,1.0,0.5,1.0,1.0,1.0,1.0,0.5,0.5,Formidable Pokémon,Samurott,503,['water']
503,1.0,1.0,1.0,1.0,1.0,2.0,1.0,1.0,0.0,1.0,1.0,1.0,1.0,1.0,1.0,1.0,1.0,1.0,Scout Pokémon,Patrat,504,['normal']
504,1.0,1.0,1.0,1.0,1.0,2.0,1.0,1.0,0.0,1.0,1.0,1.0,1.0,1.0,1.0,1.0,1.0,1.0,Lookout Pokémon,Watchog,505,['normal']
505,1.0,1.0,1.0,1.0,1.0,2.0,1.0,1.0,0.0,1.0,1.0,1.0,1.0,1.0,1.0,1.0,1.0,1.0,Puppy Pokémon,Lillipup,506,['normal']
506,1.0,1.0,1.0,1.0,1.0,2.0,1.0,1.0,0.0,1.0,1.0,1.0,1.0,1.0,1.0,1.0,1.0,1.0,Loyal Dog Pokémon,Herdier,507,['normal']
507,1.0,1.0,1.0,1.0,1.0,2.0,1.0,1.0,0.0,1.0,1.0,1.0,1.0,1.0,1.0,1.0,1.0,1.0,Big-Hearted Pokémon,Stoutland,508,['normal']
508,2.0,0.5,1.0,1.0,2.0,2.0,1.0,1.0,0.5,1.0,1.0,1.0,1.0,1.0,0.0,1.0,1.0,1.0,Devious Pokémon,Purrloin,509,['dark']
509,2.0,0.5,1.0,1.0,2.0,2.0,1.0,1.0,0.5,1.0,1.0,1.0,1.0,1.0,0.0,1.0,1.0,1.0,Cruel Pokémon,Liepard,510,['dark']
510,2.0,1.0,1.0,0.5,1.0,1.0,2.0,2.0,1.0,0.5,0.5,2.0,1.0,2.0,1.0,1.0,1.0,0.5,Grass Monkey Pokémon,Pansage,511,['grass']
511,2.0,1.0,1.0,0.5,1.0,1.0,2.0,2.0,1.0,0.5,0.5,2.0,1.0,2.0,1.0,1.0,1.0,0.5,Thorn Monkey Pokémon,Simisage,512,['grass']
512,0.5,1.0,1.0,1.0,0.5,1.0,0.5,1.0,1.0,0.5,2.0,0.5,1.0,1.0,1.0,2.0,0.5,2.0,High Temp Pokémon,Pansear,513,['fire']
513,0.5,1.0,1.0,1.0,0.5,1.0,0.5,1.0,1.0,0.5,2.0,0.5,1.0,1.0,1.0,2.0,0.5,2.0,Ember Pokémon,Simisear,514,['fire']
514,1.0,1.0,1.0,2.0,1.0,1.0,0.5,1.0,1.0,2.0,1.0,0.5,1.0,1.0,1.0,1.0,0.5,0.5,Spray Pokémon,Panpour,515,['water']
515,1.0,1.0,1.0,2.0,1.0,1.0,0.5,1.0,1.0,2.0,1.0,0.5,1.0,1.0,1.0,1.0,0.5,0.5,Geyser Pokémon,Simipour,516,['water']
516,2.0,2.0,1.0,1.0,1.0,0.5,1.0,1.0,2.0,1.0,1.0,1.0,1.0,1.0,0.5,1.0,1.0,1.0,Dream Eater Pokémon,Munna,517,['psychic']
517,2.0,2.0,1.0,1.0,1.0,0.5,1.0,1.0,2.0,1.0,1.0,1.0,1.0,1.0,0.5,1.0,1.0,1.0,Drowsing Pokémon,Musharna,518,['psychic']
518,0.5,1.0,1.0,2.0,1.0,1.0,1.0,1.0,0.0,0.5,0.0,2.0,1.0,1.0,1.0,2.0,1.0,1.0,Tiny Pigeon Pokémon,Pidove,519,"['normal', 'flying']"
519,0.5,1.0,1.0,2.0,1.0,1.0,1.0,1.0,0.0,0.5,0.0,2.0,1.0,1.0,1.0,2.0,1.0,1.0,Wild Pigeon Pokémon,Tranquill,520,"['normal', 'flying']"
520,0.5,1.0,1.0,2.0,1.0,1.0,1.0,1.0,0.0,0.5,0.0,2.0,1.0,1.0,1.0,2.0,1.0,1.0,Proud Pokémon,Unfezant,521,"['normal', 'flying']"
521,1.0,1.0,1.0,0.5,1.0,1.0,1.0,0.5,1.0,1.0,2.0,1.0,1.0,1.0,1.0,1.0,0.5,1.0,Electrified Pokémon,Blitzle,522,['electric']
522,1.0,1.0,1.0,0.5,1.0,1.0,1.0,0.5,1.0,1.0,2.0,1.0,1.0,1.0,1.0,1.0,0.5,1.0,Thunderbolt Pokémon,Zebstrika,523,['electric']
523,1.0,1.0,1.0,1.0,1.0,2.0,0.5,0.5,1.0,2.0,2.0,1.0,0.5,0.5,1.0,1.0,2.0,2.0,Mantle Pokémon,Roggenrola,524,['rock']
524,1.0,1.0,1.0,1.0,1.0,2.0,0.5,0.5,1.0,2.0,2.0,1.0,0.5,0.5,1.0,1.0,2.0,2.0,Ore Pokémon,Boldore,525,['rock']
525,1.0,1.0,1.0,1.0,1.0,2.0,0.5,0.5,1.0,2.0,2.0,1.0,0.5,0.5,1.0,1.0,2.0,2.0,Compressed Pokémon,Gigalith,526,['rock']
526,1.0,2.0,1.0,2.0,1.0,0.25,1.0,1.0,2.0,0.5,0.0,2.0,1.0,1.0,0.5,2.0,1.0,1.0,Bat Pokémon,Woobat,527,"['psychic', 'flying']"
527,1.0,2.0,1.0,2.0,1.0,0.25,1.0,1.0,2.0,0.5,0.0,2.0,1.0,1.0,0.5,2.0,1.0,1.0,Courting Pokémon,Swoobat,528,"['psychic', 'flying']"
528,1.0,1.0,1.0,0.0,1.0,1.0,1.0,1.0,1.0,2.0,1.0,2.0,1.0,0.5,1.0,0.5,1.0,2.0,Mole Pokémon,Drilbur,529,['ground']
529,0.5,1.0,0.5,0.0,0.5,2.0,2.0,0.5,1.0,1.0,2.0,1.0,0.5,0.0,0.5,0.25,0.5,2.0,Subterrene Pokémon,Excadrill,530,"['ground', 'steel']"
530,1.0,1.0,1.0,1.0,1.0,2.0,1.0,1.0,0.0,1.0,1.0,1.0,1.0,1.0,1.0,1.0,1.0,1.0,Hearing Pokémon,Audino,531,['normal']
531,0.5,0.5,1.0,1.0,2.0,1.0,1.0,2.0,1.0,1.0,1.0,1.0,1.0,1.0,2.0,0.5,1.0,1.0,Muscular Pokémon,Timburr,532,['fighting']
532,0.5,0.5,1.0,1.0,2.0,1.0,1.0,2.0,1.0,1.0,1.0,1.0,1.0,1.0,2.0,0.5,1.0,1.0,Muscular Pokémon,Gurdurr,533,['fighting']
533,0.5,0.5,1.0,1.0,2.0,1.0,1.0,2.0,1.0,1.0,1.0,1.0,1.0,1.0,2.0,0.5,1.0,1.0,Muscular Pokémon,Conkeldurr,534,['fighting']
534,1.0,1.0,1.0,2.0,1.0,1.0,0.5,1.0,1.0,2.0,1.0,0.5,1.0,1.0,1.0,1.0,0.5,0.5,Tadpole Pokémon,Tympole,535,['water']
535,1.0,1.0,1.0,0.0,1.0,1.0,0.5,1.0,1.0,4.0,1.0,1.0,1.0,0.5,1.0,0.5,0.5,1.0,Vibration Pokémon,Palpitoad,536,"['water', 'ground']"
536,1.0,1.0,1.0,0.0,1.0,1.0,0.5,1.0,1.0,4.0,1.0,1.0,1.0,0.5,1.0,0.5,0.5,1.0,Vibration Pokémon,Seismitoad,537,"['water', 'ground']"
537,0.5,0.5,1.0,1.0,2.0,1.0,1.0,2.0,1.0,1.0,1.0,1.0,1.0,1.0,2.0,0.5,1.0,1.0,Judo Pokémon,Throh,538,['fighting']
538,0.5,0.5,1.0,1.0,2.0,1.0,1.0,2.0,1.0,1.0,1.0,1.0,1.0,1.0,2.0,0.5,1.0,1.0,Karate Pokémon,Sawk,539,['fighting']
539,2.0,1.0,1.0,0.5,1.0,0.5,4.0,4.0,1.0,0.25,0.25,2.0,1.0,2.0,1.0,2.0,1.0,0.5,Sewing Pokémon,Sewaddle,540,"['bug', 'grass']"
540,2.0,1.0,1.0,0.5,1.0,0.5,4.0,4.0,1.0,0.25,0.25,2.0,1.0,2.0,1.0,2.0,1.0,0.5,Leaf-Wrapped Pokémon,Swadloon,541,"['bug', 'grass']"
541,2.0,1.0,1.0,0.5,1.0,0.5,4.0,4.0,1.0,0.25,0.25,2.0,1.0,2.0,1.0,2.0,1.0,0.5,Nurturing Pokémon,Leavanny,542,"['bug', 'grass']"
542,0.5,1.0,1.0,1.0,0.5,0.25,2.0,2.0,1.0,0.25,1.0,1.0,1.0,0.5,2.0,2.0,1.0,1.0,Centipede Pokémon,Venipede,543,"['bug', 'poison']"
543,0.5,1.0,1.0,1.0,0.5,0.25,2.0,2.0,1.0,0.25,1.0,1.0,1.0,0.5,2.0,2.0,1.0,1.0,Curlipede Pokémon,Whirlipede,544,"['bug', 'poison']"
544,0.5,1.0,1.0,1.0,0.5,0.25,2.0,2.0,1.0,0.25,1.0,1.0,1.0,0.5,2.0,2.0,1.0,1.0,Megapede Pokémon,Scolipede,545,"['bug', 'poison']"
545,1.0,0.5,0.0,0.5,1.0,0.5,2.0,2.0,1.0,0.5,0.5,2.0,1.0,4.0,1.0,1.0,2.0,0.5,Cotton Puff Pokémon,Cottonee,546,"['grass', 'fairy']"
546,1.0,0.5,0.0,0.5,1.0,0.5,2.0,2.0,1.0,0.5,0.5,2.0,1.0,4.0,1.0,1.0,2.0,0.5,Windveiled Pokémon,Whimsicott,547,"['grass', 'fairy']"
547,2.0,1.0,1.0,0.5,1.0,1.0,2.0,2.0,1.0,0.5,0.5,2.0,1.0,2.0,1.0,1.0,1.0,0.5,Bulb Pokémon,Petilil,548,['grass']
548,2.0,1.0,1.0,0.5,1.0,1.0,2.0,2.0,1.0,0.5,0.5,2.0,1.0,2.0,1.0,1.0,1.0,0.5,Flowering Pokémon,Lilligant,549,['grass']
549,1.0,1.0,1.0,2.0,1.0,1.0,0.5,1.0,1.0,2.0,1.0,0.5,1.0,1.0,1.0,1.0,0.5,0.5,Hostile Pokémon,Basculin,550,['water']
550,2.0,0.5,1.0,0.0,2.0,2.0,1.0,1.0,0.5,2.0,1.0,2.0,1.0,0.5,0.0,0.5,1.0,2.0,Desert Croc Pokémon,Sandile,551,"['ground', 'dark']"
551,2.0,0.5,1.0,0.0,2.0,2.0,1.0,1.0,0.5,2.0,1.0,2.0,1.0,0.5,0.0,0.5,1.0,2.0,Desert Croc Pokémon,Krokorok,552,"['ground', 'dark']"
552,2.0,0.5,1.0,0.0,2.0,2.0,1.0,1.0,0.5,2.0,1.0,2.0,1.0,0.5,0.0,0.5,1.0,2.0,Intimidation Pokémon,Krookodile,553,"['ground', 'dark']"
553,0.5,1.0,1.0,1.0,0.5,1.0,0.5,1.0,1.0,0.5,2.0,0.5,1.0,1.0,1.0,2.0,0.5,2.0,Zen Charm Pokémon,Darumaka,554,['fire']
554,0.5,1.0,1.0,1.0,0.5,1.0,0.5,1.0,1.0,0.5,2.0,0.5,1.0,1.0,1.0,2.0,0.5,2.0,Blazing Pokémon,Darmanitan,555,"['fire', 'fire']"
555,2.0,1.0,1.0,0.5,1.0,1.0,2.0,2.0,1.0,0.5,0.5,2.0,1.0,2.0,1.0,1.0,1.0,0.5,Cactus Pokémon,Maractus,556,['grass']
556,1.0,1.0,1.0,1.0,1.0,1.0,1.0,1.0,1.0,1.0,1.0,1.0,0.5,0.5,1.0,2.0,2.0,2.0,Rock Inn Pokémon,Dwebble,557,"['bug', 'rock']"
557,1.0,1.0,1.0,1.0,1.0,1.0,1.0,1.0,1.0,1.0,1.0,1.0,0.5,0.5,1.0,2.0,2.0,2.0,Stone Home Pokémon,Crustle,558,"['bug', 'rock']"
558,1.0,0.25,1.0,1.0,4.0,2.0,1.0,2.0,0.5,1.0,1.0,1.0,1.0,1.0,0.0,0.5,1.0,1.0,Shedding Pokémon,Scraggy,559,"['dark', 'fighting']"
559,1.0,0.25,1.0,1.0,4.0,2.0,1.0,2.0,0.5,1.0,1.0,1.0,1.0,1.0,0.0,0.5,1.0,1.0,Hoodlum Pokémon,Scrafty,560,"['dark', 'fighting']"
560,1.0,2.0,1.0,2.0,1.0,0.25,1.0,1.0,2.0,0.5,0.0,2.0,1.0,1.0,0.5,2.0,1.0,1.0,Avianoid Pokémon,Sigilyph,561,"['psychic', 'flying']"
561,0.5,2.0,1.0,1.0,1.0,0.0,1.0,1.0,2.0,1.0,1.0,1.0,0.0,0.5,1.0,1.0,1.0,1.0,Spirit Pokémon,Yamask,562,['ghost']
562,0.5,2.0,1.0,1.0,1.0,0.0,1.0,1.0,2.0,1.0,1.0,1.0,0.0,0.5,1.0,1.0,1.0,1.0,Coffin Pokémon,Cofagrigus,563,['ghost']
563,1.0,1.0,1.0,2.0,1.0,2.0,0.25,0.5,1.0,4.0,2.0,0.5,0.5,0.5,1.0,1.0,1.0,1.0,Prototurtle Pokémon,Tirtouga,564,"['water', 'rock']"
564,1.0,1.0,1.0,2.0,1.0,2.0,0.25,0.5,1.0,4.0,2.0,0.5,0.5,0.5,1.0,1.0,1.0,1.0,Prototurtle Pokémon,Carracosta,565,"['water', 'rock']"
565,0.5,1.0,1.0,2.0,1.0,1.0,0.5,0.5,1.0,1.0,0.0,2.0,0.5,0.5,1.0,2.0,2.0,2.0,First Bird Pokémon,Archen,566,"['rock', 'flying']"
566,0.5,1.0,1.0,2.0,1.0,1.0,0.5,0.5,1.0,1.0,0.0,2.0,0.5,0.5,1.0,2.0,2.0,2.0,First Bird Pokémon,Archeops,567,"['rock', 'flying']"
567,0.5,1.0,1.0,1.0,0.5,0.5,1.0,1.0,1.0,0.5,2.0,1.0,1.0,0.5,2.0,1.0,1.0,1.0,Trash Bag Pokémon,Trubbish,568,['poison']
568,0.5,1.0,1.0,1.0,0.5,0.5,1.0,1.0,1.0,0.5,2.0,1.0,1.0,0.5,2.0,1.0,1.0,1.0,Trash Heap Pokémon,Garbodor,569,['poison']
569,2.0,0.5,1.0,1.0,2.0,2.0,1.0,1.0,0.5,1.0,1.0,1.0,1.0,1.0,0.0,1.0,1.0,1.0,Tricky Fox Pokémon,Zorua,570,['dark']
570,2.0,0.5,1.0,1.0,2.0,2.0,1.0,1.0,0.5,1.0,1.0,1.0,1.0,1.0,0.0,1.0,1.0,1.0,Illusion Fox Pokémon,Zoroark,571,['dark']
571,1.0,1.0,1.0,1.0,1.0,2.0,1.0,1.0,0.0,1.0,1.0,1.0,1.0,1.0,1.0,1.0,1.0,1.0,Chinchilla Pokémon,Minccino,572,['normal']
572,1.0,1.0,1.0,1.0,1.0,2.0,1.0,1.0,0.0,1.0,1.0,1.0,1.0,1.0,1.0,1.0,1.0,1.0,Scarf Pokémon,Cinccino,573,['normal']
573,2.0,2.0,1.0,1.0,1.0,0.5,1.0,1.0,2.0,1.0,1.0,1.0,1.0,1.0,0.5,1.0,1.0,1.0,Fixation Pokémon,Gothita,574,['psychic']
574,2.0,2.0,1.0,1.0,1.0,0.5,1.0,1.0,2.0,1.0,1.0,1.0,1.0,1.0,0.5,1.0,1.0,1.0,Manipulate Pokémon,Gothorita,575,['psychic']
575,2.0,2.0,1.0,1.0,1.0,0.5,1.0,1.0,2.0,1.0,1.0,1.0,1.0,1.0,0.5,1.0,1.0,1.0,Astral Body Pokémon,Gothitelle,576,['psychic']
576,2.0,2.0,1.0,1.0,1.0,0.5,1.0,1.0,2.0,1.0,1.0,1.0,1.0,1.0,0.5,1.0,1.0,1.0,Cell Pokémon,Solosis,577,['psychic']
577,2.0,2.0,1.0,1.0,1.0,0.5,1.0,1.0,2.0,1.0,1.0,1.0,1.0,1.0,0.5,1.0,1.0,1.0,Mitosis Pokémon,Duosion,578,['psychic']
578,2.0,2.0,1.0,1.0,1.0,0.5,1.0,1.0,2.0,1.0,1.0,1.0,1.0,1.0,0.5,1.0,1.0,1.0,Multiplying Pokémon,Reuniclus,579,['psychic']
579,0.5,1.0,1.0,4.0,1.0,0.5,0.5,1.0,1.0,1.0,0.0,1.0,1.0,1.0,1.0,2.0,0.5,0.5,Water Bird Pokémon,Ducklett,580,"['water', 'flying']"
580,0.5,1.0,1.0,4.0,1.0,0.5,0.5,1.0,1.0,1.0,0.0,1.0,1.0,1.0,1.0,2.0,0.5,0.5,White Bird Pokémon,Swanna,581,"['water', 'flying']"
581,1.0,1.0,1.0,1.0,1.0,2.0,2.0,1.0,1.0,1.0,1.0,0.5,1.0,1.0,1.0,2.0,2.0,1.0,Fresh Snow Pokémon,Vanillite,582,['ice']
582,1.0,1.0,1.0,1.0,1.0,2.0,2.0,1.0,1.0,1.0,1.0,0.5,1.0,1.0,1.0,2.0,2.0,1.0,Icy Snow Pokémon,Vanillish,583,['ice']
583,1.0,1.0,1.0,1.0,1.0,2.0,2.0,1.0,1.0,1.0,1.0,0.5,1.0,1.0,1.0,2.0,2.0,1.0,Snowstorm Pokémon,Vanilluxe,584,['ice']
584,2.0,1.0,1.0,0.5,1.0,2.0,2.0,2.0,0.0,0.5,0.5,2.0,1.0,2.0,1.0,1.0,1.0,0.5,Season Pokémon,Deerling,585,"['normal', 'grass']"
585,2.0,1.0,1.0,0.5,1.0,2.0,2.0,2.0,0.0,0.5,0.5,2.0,1.0,2.0,1.0,1.0,1.0,0.5,Season Pokémon,Sawsbuck,586,"['normal', 'grass']"
586,0.5,1.0,1.0,1.0,1.0,0.5,1.0,0.5,1.0,0.5,0.0,2.0,1.0,1.0,1.0,2.0,0.5,1.0,Sky Squirrel Pokémon,Emolga,587,"['electric', 'flying']"
587,1.0,1.0,1.0,1.0,1.0,0.5,2.0,2.0,1.0,0.5,0.5,1.0,1.0,1.0,1.0,2.0,1.0,1.0,Clamping Pokémon,Karrablast,588,['bug']
588,0.5,1.0,0.5,1.0,0.5,1.0,4.0,1.0,1.0,0.25,1.0,0.5,0.5,0.0,0.5,1.0,0.5,1.0,Cavalry Pokémon,Escavalier,589,"['bug', 'steel']"
589,1.0,1.0,1.0,0.5,0.5,0.5,2.0,2.0,1.0,0.25,1.0,2.0,1.0,1.0,2.0,1.0,1.0,0.5,Mushroom Pokémon,Foongus,590,"['grass', 'poison']"
590,1.0,1.0,1.0,0.5,0.5,0.5,2.0,2.0,1.0,0.25,1.0,2.0,1.0,1.0,2.0,1.0,1.0,0.5,Mushroom Pokémon,Amoonguss,591,"['grass', 'poison']"
591,0.5,2.0,1.0,2.0,1.0,0.0,0.5,1.0,2.0,2.0,1.0,0.5,0.0,0.5,1.0,1.0,0.5,0.5,Floating Pokémon,Frillish,592,"['water', 'ghost']"
592,0.5,2.0,1.0,2.0,1.0,0.0,0.5,1.0,2.0,2.0,1.0,0.5,0.0,0.5,1.0,1.0,0.5,0.5,Floating Pokémon,Jellicent,593,"['water', 'ghost']"
593,1.0,1.0,1.0,2.0,1.0,1.0,0.5,1.0,1.0,2.0,1.0,0.5,1.0,1.0,1.0,1.0,0.5,0.5,Caring Pokémon,Alomomola,594,['water']
594,1.0,1.0,1.0,0.5,1.0,0.5,2.0,1.0,1.0,0.5,1.0,1.0,1.0,1.0,1.0,2.0,0.5,1.0,Attaching Pokémon,Joltik,595,"['bug', 'electric']"
595,1.0,1.0,1.0,0.5,1.0,0.5,2.0,1.0,1.0,0.5,1.0,1.0,1.0,1.0,1.0,2.0,0.5,1.0,EleSpider Pokémon,Galvantula,596,"['bug', 'electric']"
596,1.0,1.0,0.5,0.5,0.5,2.0,4.0,1.0,1.0,0.25,1.0,1.0,0.5,0.0,0.5,0.5,0.5,0.5,Thorn Seed Pokémon,Ferroseed,597,"['grass', 'steel']"
597,1.0,1.0,0.5,0.5,0.5,2.0,4.0,1.0,1.0,0.25,1.0,1.0,0.5,0.0,0.5,0.5,0.5,0.5,Thorn Pod Pokémon,Ferrothorn,598,"['grass', 'steel']"
598,0.5,1.0,0.5,1.0,0.5,2.0,2.0,0.5,1.0,0.5,2.0,0.5,0.5,0.0,0.5,0.5,0.5,1.0,Gear Pokémon,Klink,599,['steel']
599,0.5,1.0,0.5,1.0,0.5,2.0,2.0,0.5,1.0,0.5,2.0,0.5,0.5,0.0,0.5,0.5,0.5,1.0,Gear Pokémon,Klang,600,['steel']
600,0.5,1.0,0.5,1.0,0.5,2.0,2.0,0.5,1.0,0.5,2.0,0.5,0.5,0.0,0.5,0.5,0.5,1.0,Gear Pokémon,Klinklang,601,['steel']
601,1.0,1.0,1.0,0.5,1.0,1.0,1.0,0.5,1.0,1.0,2.0,1.0,1.0,1.0,1.0,1.0,0.5,1.0,EleFish Pokémon,Tynamo,602,['electric']
602,1.0,1.0,1.0,0.5,1.0,1.0,1.0,0.5,1.0,1.0,2.0,1.0,1.0,1.0,1.0,1.0,0.5,1.0,EleFish Pokémon,Eelektrik,603,['electric']
603,1.0,1.0,1.0,0.5,1.0,1.0,1.0,0.5,1.0,1.0,2.0,1.0,1.0,1.0,1.0,1.0,0.5,1.0,EleFish Pokémon,Eelektross,604,['electric']
604,2.0,2.0,1.0,1.0,1.0,0.5,1.0,1.0,2.0,1.0,1.0,1.0,1.0,1.0,0.5,1.0,1.0,1.0,Cerebral Pokémon,Elgyem,605,['psychic']
605,2.0,2.0,1.0,1.0,1.0,0.5,1.0,1.0,2.0,1.0,1.0,1.0,1.0,1.0,0.5,1.0,1.0,1.0,Cerebral Pokémon,Beheeyem,606,['psychic']
606,0.25,2.0,1.0,1.0,0.5,0.0,0.5,1.0,2.0,0.5,2.0,0.5,0.0,0.5,1.0,2.0,0.5,2.0,Candle Pokémon,Litwick,607,"['ghost', 'fire']"
607,0.25,2.0,1.0,1.0,0.5,0.0,0.5,1.0,2.0,0.5,2.0,0.5,0.0,0.5,1.0,2.0,0.5,2.0,Lamp Pokémon,Lampent,608,"['ghost', 'fire']"
608,0.25,2.0,1.0,1.0,0.5,0.0,0.5,1.0,2.0,0.5,2.0,0.5,0.0,0.5,1.0,2.0,0.5,2.0,Luring Pokémon,Chandelure,609,"['ghost', 'fire']"
609,1.0,1.0,2.0,0.5,2.0,1.0,0.5,1.0,1.0,0.5,1.0,2.0,1.0,1.0,1.0,1.0,1.0,0.5,Tusk Pokémon,Axew,610,['dragon']
610,1.0,1.0,2.0,0.5,2.0,1.0,0.5,1.0,1.0,0.5,1.0,2.0,1.0,1.0,1.0,1.0,1.0,0.5,Axe Jaw Pokémon,Fraxure,611,['dragon']
611,1.0,1.0,2.0,0.5,2.0,1.0,0.5,1.0,1.0,0.5,1.0,2.0,1.0,1.0,1.0,1.0,1.0,0.5,Axe Jaw Pokémon,Haxorus,612,['dragon']
612,1.0,1.0,1.0,1.0,1.0,2.0,2.0,1.0,1.0,1.0,1.0,0.5,1.0,1.0,1.0,2.0,2.0,1.0,Chill Pokémon,Cubchoo,613,['ice']
613,1.0,1.0,1.0,1.0,1.0,2.0,2.0,1.0,1.0,1.0,1.0,0.5,1.0,1.0,1.0,2.0,2.0,1.0,Freezing Pokémon,Beartic,614,['ice']
614,1.0,1.0,1.0,1.0,1.0,2.0,2.0,1.0,1.0,1.0,1.0,0.5,1.0,1.0,1.0,2.0,2.0,1.0,Crystallizing Pokémon,Cryogonal,615,['ice']
615,1.0,1.0,1.0,1.0,1.0,0.5,2.0,2.0,1.0,0.5,0.5,1.0,1.0,1.0,1.0,2.0,1.0,1.0,Snail Pokémon,Shelmet,616,['bug']
616,1.0,1.0,1.0,1.0,1.0,0.5,2.0,2.0,1.0,0.5,0.5,1.0,1.0,1.0,1.0,2.0,1.0,1.0,Shell Out Pokémon,Accelgor,617,['bug']
617,1.0,1.0,1.0,0.0,1.0,1.0,1.0,0.5,1.0,2.0,2.0,2.0,1.0,0.5,1.0,0.5,0.5,2.0,Trap Pokémon,Stunfisk,618,"['ground', 'electric']"
618,0.5,0.5,1.0,1.0,2.0,1.0,1.0,2.0,1.0,1.0,1.0,1.0,1.0,1.0,2.0,0.5,1.0,1.0,Martial Arts Pokémon,Mienfoo,619,['fighting']
619,0.5,0.5,1.0,1.0,2.0,1.0,1.0,2.0,1.0,1.0,1.0,1.0,1.0,1.0,2.0,0.5,1.0,1.0,Martial Arts Pokémon,Mienshao,620,['fighting']
620,1.0,1.0,2.0,0.5,2.0,1.0,0.5,1.0,1.0,0.5,1.0,2.0,1.0,1.0,1.0,1.0,1.0,0.5,Cave Pokémon,Druddigon,621,['dragon']
621,0.5,2.0,1.0,0.0,1.0,0.0,1.0,1.0,2.0,2.0,1.0,2.0,0.0,0.25,1.0,0.5,1.0,2.0,Automaton Pokémon,Golett,622,"['ground', 'ghost']"
622,0.5,2.0,1.0,0.0,1.0,0.0,1.0,1.0,2.0,2.0,1.0,2.0,0.0,0.25,1.0,0.5,1.0,2.0,Automaton Pokémon,Golurk,623,"['ground', 'ghost']"
623,1.0,0.5,0.5,1.0,1.0,4.0,2.0,0.5,0.5,0.5,2.0,0.5,0.5,0.0,0.0,0.5,0.5,1.0,Sharp Blade Pokémon,Pawniard,624,"['dark', 'steel']"
624,1.0,0.5,0.5,1.0,1.0,4.0,2.0,0.5,0.5,0.5,2.0,0.5,0.5,0.0,0.0,0.5,0.5,1.0,Sword Blade Pokémon,Bisharp,625,"['dark', 'steel']"
625,1.0,1.0,1.0,1.0,1.0,2.0,1.0,1.0,0.0,1.0,1.0,1.0,1.0,1.0,1.0,1.0,1.0,1.0,Bash Buffalo Pokémon,Bouffalant,626,['normal']
626,0.5,1.0,1.0,2.0,1.0,1.0,1.0,1.0,0.0,0.5,0.0,2.0,1.0,1.0,1.0,2.0,1.0,1.0,Eaglet Pokémon,Rufflet,627,"['normal', 'flying']"
627,0.5,1.0,1.0,2.0,1.0,1.0,1.0,1.0,0.0,0.5,0.0,2.0,1.0,1.0,1.0,2.0,1.0,1.0,Valiant Pokémon,Braviary,628,"['normal', 'flying']"
628,1.0,0.5,1.0,2.0,2.0,1.0,1.0,1.0,0.5,0.5,0.0,2.0,1.0,1.0,0.0,2.0,1.0,1.0,Diapered Pokémon,Vullaby,629,"['dark', 'flying']"
629,1.0,0.5,1.0,2.0,2.0,1.0,1.0,1.0,0.5,0.5,0.0,2.0,1.0,1.0,0.0,2.0,1.0,1.0,Bone Vulture Pokémon,Mandibuzz,630,"['dark', 'flying']"
630,0.5,1.0,1.0,1.0,0.5,1.0,0.5,1.0,1.0,0.5,2.0,0.5,1.0,1.0,1.0,2.0,0.5,2.0,Anteater Pokémon,Heatmor,631,['fire']
631,0.5,1.0,0.5,1.0,0.5,1.0,4.0,1.0,1.0,0.25,1.0,0.5,0.5,0.0,0.5,1.0,0.5,1.0,Iron Ant Pokémon,Durant,632,"['bug', 'steel']"
632,2.0,0.5,2.0,0.5,4.0,2.0,0.5,1.0,0.5,0.5,1.0,2.0,1.0,1.0,0.0,1.0,1.0,0.5,Irate Pokémon,Deino,633,"['dark', 'dragon']"
633,2.0,0.5,2.0,0.5,4.0,2.0,0.5,1.0,0.5,0.5,1.0,2.0,1.0,1.0,0.0,1.0,1.0,0.5,Hostile Pokémon,Zweilous,634,"['dark', 'dragon']"
634,2.0,0.5,2.0,0.5,4.0,2.0,0.5,1.0,0.5,0.5,1.0,2.0,1.0,1.0,0.0,1.0,1.0,0.5,Brutal Pokémon,Hydreigon,635,"['dark', 'dragon']"
635,0.5,1.0,1.0,1.0,0.5,0.5,1.0,2.0,1.0,0.25,1.0,0.5,1.0,1.0,1.0,4.0,0.5,2.0,Torch Pokémon,Larvesta,636,"['bug', 'fire']"
636,0.5,1.0,1.0,1.0,0.5,0.5,1.0,2.0,1.0,0.25,1.0,0.5,1.0,1.0,1.0,4.0,0.5,2.0,Sun Pokémon,Volcarona,637,"['bug', 'fire']"
637,0.25,0.5,0.5,1.0,1.0,2.0,2.0,1.0,1.0,0.5,2.0,0.5,0.5,0.0,1.0,0.25,0.5,1.0,Iron Will Pokémon,Cobalion,638,"['steel', 'fighting']"
638,0.5,0.5,1.0,1.0,2.0,2.0,0.5,1.0,1.0,2.0,2.0,1.0,0.5,0.5,2.0,0.5,2.0,2.0,Cavern Pokémon,Terrakion,639,"['rock', 'fighting']"
639,1.0,0.5,1.0,0.5,2.0,1.0,2.0,4.0,1.0,0.5,0.5,2.0,1.0,2.0,2.0,0.5,1.0,0.5,Grassland Pokémon,Virizion,640,"['grass', 'fighting']"
640,0.5,1.0,1.0,2.0,1.0,0.5,1.0,1.0,1.0,0.5,0.0,2.0,1.0,1.0,1.0,2.0,1.0,1.0,Cyclone Pokémon,Tornadus,641,['flying']
641,0.5,1.0,1.0,1.0,1.0,0.5,1.0,0.5,1.0,0.5,0.0,2.0,1.0,1.0,1.0,2.0,0.5,1.0,Bolt Strike Pokémon,Thundurus,642,"['electric', 'flying']"
642,0.5,1.0,2.0,0.5,1.0,1.0,0.25,1.0,1.0,0.25,2.0,1.0,1.0,1.0,1.0,2.0,0.5,1.0,Vast White Pokémon,Reshiram,643,"['dragon', 'fire']"
643,1.0,1.0,2.0,0.25,2.0,1.0,0.5,0.5,1.0,0.5,2.0,2.0,1.0,1.0,1.0,1.0,0.5,0.5,Deep Black Pokémon,Zekrom,644,"['dragon', 'electric']"
644,0.5,1.0,1.0,0.0,1.0,0.5,1.0,1.0,1.0,1.0,0.0,4.0,1.0,0.5,1.0,1.0,1.0,2.0,Abundance Pokémon,Landorus,645,"['ground', 'flying']"
645,1.0,1.0,2.0,0.5,2.0,2.0,1.0,1.0,1.0,0.5,1.0,1.0,1.0,1.0,1.0,2.0,2.0,0.5,Boundary Pokémon,Kyurem,646,"['dragon', 'ice']"
646,0.5,0.5,1.0,2.0,2.0,1.0,0.5,2.0,1.0,2.0,1.0,0.5,1.0,1.0,2.0,0.5,0.5,0.5,Colt Pokémon,Keldeo,647,"['water', 'fighting']"
647,2.0,2.0,1.0,1.0,1.0,1.0,1.0,1.0,0.0,1.0,1.0,1.0,1.0,1.0,0.5,1.0,1.0,1.0,Melody Pokémon,Meloetta,648,"['normal', 'psychic']"
648,0.5,1.0,0.5,1.0,0.5,1.0,4.0,1.0,1.0,0.25,1.0,0.5,0.5,0.0,0.5,1.0,0.5,1.0,Paleozoic Pokémon,Genesect,649,"['bug', 'steel']"
649,2.0,1.0,1.0,0.5,1.0,1.0,2.0,2.0,1.0,0.5,0.5,2.0,1.0,2.0,1.0,1.0,1.0,0.5,Spiky Nut Pokémon,Chespin,650,['grass']
650,2.0,1.0,1.0,0.5,1.0,1.0,2.0,2.0,1.0,0.5,0.5,2.0,1.0,2.0,1.0,1.0,1.0,0.5,Spiny Armor Pokémon,Quilladin,651,['grass']
651,1.0,0.5,1.0,0.5,2.0,1.0,2.0,4.0,1.0,0.5,0.5,2.0,1.0,2.0,2.0,0.5,1.0,0.5,Spiny Armor Pokémon,Chesnaught,652,"['grass', 'fighting']"
652,0.5,1.0,1.0,1.0,0.5,1.0,0.5,1.0,1.0,0.5,2.0,0.5,1.0,1.0,1.0,2.0,0.5,2.0,Fox Pokémon,Fennekin,653,['fire']
653,0.5,1.0,1.0,1.0,0.5,1.0,0.5,1.0,1.0,0.5,2.0,0.5,1.0,1.0,1.0,2.0,0.5,2.0,Fox Pokémon,Braixen,654,['fire']
654,1.0,2.0,1.0,1.0,0.5,0.5,0.5,1.0,2.0,0.5,2.0,0.5,1.0,1.0,0.5,2.0,0.5,2.0,Fox Pokémon,Delphox,655,"['fire', 'psychic']"
655,1.0,1.0,1.0,2.0,1.0,1.0,0.5,1.0,1.0,2.0,1.0,0.5,1.0,1.0,1.0,1.0,0.5,0.5,Bubble Frog Pokémon,Froakie,656,['water']
656,1.0,1.0,1.0,2.0,1.0,1.0,0.5,1.0,1.0,2.0,1.0,0.5,1.0,1.0,1.0,1.0,0.5,0.5,Bubble Frog Pokémon,Frogadier,657,['water']
657,2.0,0.5,1.0,2.0,2.0,2.0,0.5,1.0,0.5,2.0,1.0,0.5,1.0,1.0,0.0,1.0,0.5,0.5,Ninja Pokémon,Greninja,658,"['water', 'dark']"
658,1.0,1.0,1.0,1.0,1.0,2.0,1.0,1.0,0.0,1.0,1.0,1.0,1.0,1.0,1.0,1.0,1.0,1.0,Digging Pokémon,Bunnelby,659,['normal']
659,1.0,1.0,1.0,0.0,1.0,2.0,1.0,1.0,0.0,2.0,1.0,2.0,1.0,0.5,1.0,0.5,1.0,2.0,Digging Pokémon,Diggersby,660,"['normal', 'ground']"
660,0.5,1.0,1.0,2.0,1.0,1.0,1.0,1.0,0.0,0.5,0.0,2.0,1.0,1.0,1.0,2.0,1.0,1.0,Tiny Robin Pokémon,Fletchling,661,"['normal', 'flying']"
661,0.25,1.0,1.0,2.0,0.5,0.5,0.5,1.0,1.0,0.25,0.0,1.0,1.0,1.0,1.0,4.0,0.5,2.0,Ember Pokémon,Fletchinder,662,"['fire', 'flying']"
662,0.25,1.0,1.0,2.0,0.5,0.5,0.5,1.0,1.0,0.25,0.0,1.0,1.0,1.0,1.0,4.0,0.5,2.0,Scorching Pokémon,Talonflame,663,"['fire', 'flying']"
663,1.0,1.0,1.0,1.0,1.0,0.5,2.0,2.0,1.0,0.5,0.5,1.0,1.0,1.0,1.0,2.0,1.0,1.0,Scatterdust Pokémon,Scatterbug,664,['bug']
664,1.0,1.0,1.0,1.0,1.0,0.5,2.0,2.0,1.0,0.5,0.5,1.0,1.0,1.0,1.0,2.0,1.0,1.0,Scatterdust Pokémon,Spewpa,665,['bug']
665,0.5,1.0,1.0,2.0,1.0,0.25,2.0,2.0,1.0,0.25,0.0,2.0,1.0,1.0,1.0,4.0,1.0,1.0,Scale Pokémon,Vivillon,666,"['bug', 'flying']"
666,0.5,1.0,1.0,1.0,0.5,2.0,0.5,1.0,0.0,0.5,2.0,0.5,1.0,1.0,1.0,2.0,0.5,2.0,Lion Cub Pokémon,Litleo,667,"['fire', 'normal']"
667,0.5,1.0,1.0,1.0,0.5,2.0,0.5,1.0,0.0,0.5,2.0,0.5,1.0,1.0,1.0,2.0,0.5,2.0,Royal Pokémon,Pyroar,668,"['fire', 'normal']"
668,0.5,0.5,0.0,1.0,1.0,0.5,1.0,1.0,1.0,1.0,1.0,1.0,1.0,2.0,1.0,1.0,2.0,1.0,Single Bloom Pokémon,Flabébé,669,['fairy']
669,0.5,0.5,0.0,1.0,1.0,0.5,1.0,1.0,1.0,1.0,1.0,1.0,1.0,2.0,1.0,1.0,2.0,1.0,Fairy Pokémon,Floette,670,['fairy']
670,0.5,0.5,0.0,1.0,1.0,0.5,1.0,1.0,1.0,1.0,1.0,1.0,1.0,2.0,1.0,1.0,2.0,1.0,Garden Pokémon,Florges,671,['fairy']
671,2.0,1.0,1.0,0.5,1.0,1.0,2.0,2.0,1.0,0.5,0.5,2.0,1.0,2.0,1.0,1.0,1.0,0.5,Mount Pokémon,Skiddo,672,['grass']
672,2.0,1.0,1.0,0.5,1.0,1.0,2.0,2.0,1.0,0.5,0.5,2.0,1.0,2.0,1.0,1.0,1.0,0.5,Mount Pokémon,Gogoat,673,['grass']
673,0.5,0.5,1.0,1.0,2.0,1.0,1.0,2.0,1.0,1.0,1.0,1.0,1.0,1.0,2.0,0.5,1.0,1.0,Playful Pokémon,Pancham,674,['fighting']
674,1.0,0.25,1.0,1.0,4.0,2.0,1.0,2.0,0.5,1.0,1.0,1.0,1.0,1.0,0.0,0.5,1.0,1.0,Daunting Pokémon,Pangoro,675,"['fighting', 'dark']"
675,1.0,1.0,1.0,1.0,1.0,2.0,1.0,1.0,0.0,1.0,1.0,1.0,1.0,1.0,1.0,1.0,1.0,1.0,Poodle Pokémon,Furfrou,676,['normal']
676,2.0,2.0,1.0,1.0,1.0,0.5,1.0,1.0,2.0,1.0,1.0,1.0,1.0,1.0,0.5,1.0,1.0,1.0,Restraint Pokémon,Espurr,677,['psychic']
677,2.0,2.0,1.0,1.0,1.0,0.5,1.0,1.0,2.0,1.0,1.0,1.0,1.0,1.0,0.5,1.0,1.0,1.0,Constraint Pokémon,Meowstic,678,['psychic']
678,0.25,2.0,0.5,1.0,0.5,0.0,2.0,0.5,2.0,0.5,2.0,0.5,0.0,0.0,0.5,0.5,0.5,1.0,Sword Pokémon,Honedge,679,"['steel', 'ghost']"
679,0.25,2.0,0.5,1.0,0.5,0.0,2.0,0.5,2.0,0.5,2.0,0.5,0.0,0.0,0.5,0.5,0.5,1.0,Sword Pokémon,Doublade,680,"['steel', 'ghost']"
680,0.25,2.0,0.5,1.0,0.5,0.0,2.0,0.5,2.0,0.5,2.0,0.5,0.0,0.0,0.5,0.5,0.5,1.0,Royal Sword Pokémon,Aegislash,681,"['steel', 'ghost']"
681,0.5,0.5,0.0,1.0,1.0,0.5,1.0,1.0,1.0,1.0,1.0,1.0,1.0,2.0,1.0,1.0,2.0,1.0,Perfume Pokémon,Spritzee,682,['fairy']
682,0.5,0.5,0.0,1.0,1.0,0.5,1.0,1.0,1.0,1.0,1.0,1.0,1.0,2.0,1.0,1.0,2.0,1.0,Fragrance Pokémon,Aromatisse,683,['fairy']
683,0.5,0.5,0.0,1.0,1.0,0.5,1.0,1.0,1.0,1.0,1.0,1.0,1.0,2.0,1.0,1.0,2.0,1.0,Cotton Candy Pokémon,Swirlix,684,['fairy']
684,0.5,0.5,0.0,1.0,1.0,0.5,1.0,1.0,1.0,1.0,1.0,1.0,1.0,2.0,1.0,1.0,2.0,1.0,Meringue Pokémon,Slurpuff,685,['fairy']
685,4.0,1.0,1.0,1.0,2.0,1.0,1.0,1.0,1.0,1.0,1.0,1.0,1.0,1.0,0.0,1.0,1.0,1.0,Revolving Pokémon,Inkay,686,"['dark', 'psychic']"
686,4.0,1.0,1.0,1.0,2.0,1.0,1.0,1.0,1.0,1.0,1.0,1.0,1.0,1.0,0.0,1.0,1.0,1.0,Overturning Pokémon,Malamar,687,"['dark', 'psychic']"
687,1.0,1.0,1.0,2.0,1.0,2.0,0.25,0.5,1.0,4.0,2.0,0.5,0.5,0.5,1.0,1.0,1.0,1.0,Two-Handed Pokémon,Binacle,688,"['rock', 'water']"
688,1.0,1.0,1.0,2.0,1.0,2.0,0.25,0.5,1.0,4.0,2.0,0.5,0.5,0.5,1.0,1.0,1.0,1.0,Collective Pokémon,Barbaracle,689,"['rock', 'water']"
689,0.5,1.0,1.0,2.0,0.5,0.5,0.5,1.0,1.0,1.0,2.0,0.5,1.0,0.5,2.0,1.0,0.5,0.5,Mock Kelp Pokémon,Skrelp,690,"['poison', 'water']"
690,0.5,1.0,2.0,0.5,1.0,0.5,0.5,1.0,1.0,0.25,2.0,2.0,1.0,0.5,2.0,1.0,1.0,0.5,Mock Kelp Pokémon,Dragalge,691,"['poison', 'dragon']"
691,1.0,1.0,1.0,2.0,1.0,1.0,0.5,1.0,1.0,2.0,1.0,0.5,1.0,1.0,1.0,1.0,0.5,0.5,Water Gun Pokémon,Clauncher,692,['water']
692,1.0,1.0,1.0,2.0,1.0,1.0,0.5,1.0,1.0,2.0,1.0,0.5,1.0,1.0,1.0,1.0,0.5,0.5,Howitzer Pokémon,Clawitzer,693,['water']
693,1.0,1.0,1.0,0.5,1.0,2.0,1.0,0.5,0.0,1.0,2.0,1.0,1.0,1.0,1.0,1.0,0.5,1.0,Generator Pokémon,Helioptile,694,"['electric', 'normal']"
694,1.0,1.0,1.0,0.5,1.0,2.0,1.0,0.5,0.0,1.0,2.0,1.0,1.0,1.0,1.0,1.0,0.5,1.0,Generator Pokémon,Heliolisk,695,"['electric', 'normal']"
695,1.0,1.0,2.0,0.5,2.0,2.0,0.25,0.5,1.0,1.0,2.0,2.0,0.5,0.5,1.0,1.0,2.0,1.0,Royal Heir Pokémon,Tyrunt,696,"['rock', 'dragon']"
696,1.0,1.0,2.0,0.5,2.0,2.0,0.25,0.5,1.0,1.0,2.0,2.0,0.5,0.5,1.0,1.0,2.0,1.0,Despot Pokémon,Tyrantrum,697,"['rock', 'dragon']"
697,1.0,1.0,1.0,1.0,1.0,4.0,1.0,0.5,1.0,2.0,2.0,0.5,0.5,0.5,1.0,2.0,4.0,2.0,Tundra Pokémon,Amaura,698,"['rock', 'ice']"
698,1.0,1.0,1.0,1.0,1.0,4.0,1.0,0.5,1.0,2.0,2.0,0.5,0.5,0.5,1.0,2.0,4.0,2.0,Tundra Pokémon,Aurorus,699,"['rock', 'ice']"
699,0.5,0.5,0.0,1.0,1.0,0.5,1.0,1.0,1.0,1.0,1.0,1.0,1.0,2.0,1.0,1.0,2.0,1.0,Intertwining Pokémon,Sylveon,700,['fairy']
700,0.25,0.5,1.0,2.0,2.0,0.5,1.0,2.0,1.0,0.5,0.0,2.0,1.0,1.0,2.0,1.0,1.0,1.0,Wrestling Pokémon,Hawlucha,701,"['fighting', 'flying']"
701,0.5,0.5,0.0,0.5,1.0,0.5,1.0,0.5,1.0,1.0,2.0,1.0,1.0,2.0,1.0,1.0,1.0,1.0,Antenna Pokémon,Dedenne,702,"['electric', 'fairy']"
702,0.5,0.5,0.0,1.0,1.0,1.0,0.5,0.5,1.0,2.0,2.0,1.0,0.5,1.0,1.0,1.0,4.0,2.0,Jewel Pokémon,Carbink,703,"['rock', 'fairy']"
703,1.0,1.0,2.0,0.5,2.0,1.0,0.5,1.0,1.0,0.5,1.0,2.0,1.0,1.0,1.0,1.0,1.0,0.5,Soft Tissue Pokémon,Goomy,704,['dragon']
704,1.0,1.0,2.0,0.5,2.0,1.0,0.5,1.0,1.0,0.5,1.0,2.0,1.0,1.0,1.0,1.0,1.0,0.5,Soft Tissue Pokémon,Sliggoo,705,['dragon']
705,1.0,1.0,2.0,0.5,2.0,1.0,0.5,1.0,1.0,0.5,1.0,2.0,1.0,1.0,1.0,1.0,1.0,0.5,Dragon Pokémon,Goodra,706,['dragon']
706,0.25,0.5,0.0,1.0,0.5,1.0,2.0,0.5,1.0,0.5,2.0,0.5,0.5,0.0,0.5,0.5,1.0,1.0,Key Ring Pokémon,Klefki,707,"['steel', 'fairy']"
707,1.0,2.0,1.0,0.5,1.0,0.0,2.0,2.0,2.0,0.5,0.5,2.0,0.0,1.0,1.0,1.0,1.0,0.5,Stump Pokémon,Phantump,708,"['ghost', 'grass']"
708,1.0,2.0,1.0,0.5,1.0,0.0,2.0,2.0,2.0,0.5,0.5,2.0,0.0,1.0,1.0,1.0,1.0,0.5,Elder Tree Pokémon,Trevenant,709,"['ghost', 'grass']"
709,1.0,2.0,1.0,0.5,1.0,0.0,2.0,2.0,2.0,0.5,0.5,2.0,0.0,1.0,1.0,1.0,1.0,0.5,Pumpkin Pokémon,Pumpkaboo,710,"['ghost', 'grass']"
710,1.0,2.0,1.0,0.5,1.0,0.0,2.0,2.0,2.0,0.5,0.5,2.0,0.0,1.0,1.0,1.0,1.0,0.5,Pumpkin Pokémon,Gourgeist,711,"['ghost', 'grass']"
711,1.0,1.0,1.0,1.0,1.0,2.0,2.0,1.0,1.0,1.0,1.0,0.5,1.0,1.0,1.0,2.0,2.0,1.0,Ice Chunk Pokémon,Bergmite,712,['ice']
712,1.0,1.0,1.0,1.0,1.0,2.0,2.0,1.0,1.0,1.0,1.0,0.5,1.0,1.0,1.0,2.0,2.0,1.0,Iceberg Pokémon,Avalugg,713,['ice']
713,0.5,1.0,2.0,1.0,2.0,0.5,0.5,1.0,1.0,0.25,0.0,4.0,1.0,1.0,1.0,2.0,1.0,0.5,Sound Wave Pokémon,Noibat,714,"['flying', 'dragon']"
714,0.5,1.0,2.0,1.0,2.0,0.5,0.5,1.0,1.0,0.25,0.0,4.0,1.0,1.0,1.0,2.0,1.0,0.5,Sound Wave Pokémon,Noivern,715,"['flying', 'dragon']"
715,0.5,0.5,0.0,1.0,1.0,0.5,1.0,1.0,1.0,1.0,1.0,1.0,1.0,2.0,1.0,1.0,2.0,1.0,Life Pokémon,Xerneas,716,['fairy']
716,1.0,0.5,1.0,2.0,2.0,1.0,1.0,1.0,0.5,0.5,0.0,2.0,1.0,1.0,0.0,2.0,1.0,1.0,Destruction Pokémon,Yveltal,717,"['dark', 'flying']"
717,1.0,1.0,2.0,0.0,2.0,1.0,0.5,1.0,1.0,1.0,1.0,4.0,1.0,0.5,1.0,0.5,1.0,1.0,Order Pokémon,Zygarde,718,"['dragon', 'ground']"
718,0.5,0.5,0.0,1.0,1.0,1.0,0.5,0.5,1.0,2.0,2.0,1.0,0.5,1.0,1.0,1.0,4.0,2.0,Jewel Pokémon,Diancie,719,"['rock', 'fairy']"
719,1.0,4.0,1.0,1.0,1.0,0.0,1.0,1.0,4.0,1.0,1.0,1.0,0.0,0.5,0.5,1.0,1.0,1.0,Mischief Pokémon (Confined)Djinn Pokémonn (Unbound),Hoopa,720,"['psychic', 'ghost']"
720,0.5,1.0,1.0,2.0,0.5,1.0,0.25,1.0,1.0,1.0,2.0,0.25,1.0,1.0,1.0,2.0,0.25,1.0,Steam Pokémon,Volcanion,721,"['fire', 'water']"
721,1.0,1.0,1.0,1.0,1.0,0.5,2.0,2.0,1.0,0.25,0.0,4.0,1.0,2.0,1.0,2.0,1.0,0.5,Grass Quill Pokémon,Rowlet,722,"['grass', 'flying']"
722,1.0,1.0,1.0,1.0,1.0,0.5,2.0,2.0,1.0,0.25,0.0,4.0,1.0,2.0,1.0,2.0,1.0,0.5,Blade Quill Pokémon,Dartrix,723,"['grass', 'flying']"
723,1.0,2.0,1.0,0.5,1.0,0.0,2.0,2.0,2.0,0.5,0.5,2.0,0.0,1.0,1.0,1.0,1.0,0.5,Arrow Quill Pokémon,Decidueye,724,"['grass', 'ghost']"
724,0.5,1.0,1.0,1.0,0.5,1.0,0.5,1.0,1.0,0.5,2.0,0.5,1.0,1.0,1.0,2.0,0.5,2.0,Fire Cat Pokémon,Litten,725,['fire']
725,0.5,1.0,1.0,1.0,0.5,1.0,0.5,1.0,1.0,0.5,2.0,0.5,1.0,1.0,1.0,2.0,0.5,2.0,Fire Cat Pokémon,Torracat,726,['fire']
726,1.0,0.5,1.0,1.0,1.0,2.0,0.5,1.0,0.5,0.5,2.0,0.5,1.0,1.0,0.0,2.0,0.5,2.0,Heel Pokémon,Incineroar,727,"['fire', 'dark']"
727,1.0,1.0,1.0,2.0,1.0,1.0,0.5,1.0,1.0,2.0,1.0,0.5,1.0,1.0,1.0,1.0,0.5,0.5,Sea Lion Pokémon,Popplio,728,['water']
728,1.0,1.0,1.0,2.0,1.0,1.0,0.5,1.0,1.0,2.0,1.0,0.5,1.0,1.0,1.0,1.0,0.5,0.5,Pop Star Pokémon,Brionne,729,['water']
729,0.5,0.5,0.0,2.0,1.0,0.5,0.5,1.0,1.0,2.0,1.0,0.5,1.0,2.0,1.0,1.0,1.0,0.5,Soloist Pokémon,Primarina,730,"['water', 'fairy']"
730,0.5,1.0,1.0,2.0,1.0,1.0,1.0,1.0,0.0,0.5,0.0,2.0,1.0,1.0,1.0,2.0,1.0,1.0,Woodpecker Pokémon,Pikipek,731,"['normal', 'flying']"
731,0.5,1.0,1.0,2.0,1.0,1.0,1.0,1.0,0.0,0.5,0.0,2.0,1.0,1.0,1.0,2.0,1.0,1.0,Bugle Beak Pokémon,Trumbeak,732,"['normal', 'flying']"
732,0.5,1.0,1.0,2.0,1.0,1.0,1.0,1.0,0.0,0.5,0.0,2.0,1.0,1.0,1.0,2.0,1.0,1.0,Cannon Pokémon,Toucannon,733,"['normal', 'flying']"
733,1.0,1.0,1.0,1.0,1.0,2.0,1.0,1.0,0.0,1.0,1.0,1.0,1.0,1.0,1.0,1.0,1.0,1.0,Loitering Pokémon,Yungoos,734,['normal']
734,1.0,1.0,1.0,1.0,1.0,2.0,1.0,1.0,0.0,1.0,1.0,1.0,1.0,1.0,1.0,1.0,1.0,1.0,Stakeout Pokémon,Gumshoos,735,['normal']
735,1.0,1.0,1.0,1.0,1.0,0.5,2.0,2.0,1.0,0.5,0.5,1.0,1.0,1.0,1.0,2.0,1.0,1.0,Larva Pokémon,Grubbin,736,['bug']
736,1.0,1.0,1.0,0.5,1.0,0.5,2.0,1.0,1.0,0.5,1.0,1.0,1.0,1.0,1.0,2.0,0.5,1.0,Battery Pokémon,Charjabug,737,"['bug', 'electric']"
737,1.0,1.0,1.0,0.5,1.0,0.5,2.0,1.0,1.0,0.5,1.0,1.0,1.0,1.0,1.0,2.0,0.5,1.0,Stag Beetle Pokémon,Vikavolt,738,"['bug', 'electric']"
738,0.5,0.5,1.0,1.0,2.0,1.0,1.0,2.0,1.0,1.0,1.0,1.0,1.0,1.0,2.0,0.5,1.0,1.0,Boxing Pokémon,Crabrawler,739,['fighting']
739,0.5,0.5,1.0,1.0,2.0,2.0,2.0,2.0,1.0,1.0,1.0,0.5,1.0,1.0,2.0,1.0,2.0,1.0,Woolly Crab Pokémon,Crabominable,740,"['fighting', 'ice']"
740,0.25,1.0,1.0,2.0,0.5,0.5,0.5,1.0,1.0,0.25,0.0,1.0,1.0,1.0,1.0,4.0,0.5,2.0,Dancing Pokémon,Oricorio,741,"['fire', 'flying']"
741,0.5,0.5,0.0,1.0,1.0,0.25,2.0,2.0,1.0,0.5,0.5,1.0,1.0,2.0,1.0,2.0,2.0,1.0,Bee Fly Pokémon,Cutiefly,742,"['bug', 'fairy']"
742,0.5,0.5,0.0,1.0,1.0,0.25,2.0,2.0,1.0,0.5,0.5,1.0,1.0,2.0,1.0,2.0,2.0,1.0,Bee Fly Pokémon,Ribombee,743,"['bug', 'fairy']"
743,1.0,1.0,1.0,1.0,1.0,2.0,0.5,0.5,1.0,2.0,2.0,1.0,0.5,0.5,1.0,1.0,2.0,2.0,Puppy Pokémon,Rockruff,744,['rock']
744,1.0,1.0,1.0,1.0,1.0,2.0,0.5,0.5,1.0,2.0,2.0,1.0,0.5,0.5,1.0,1.0,2.0,2.0,Wolf Pokémon,Lycanroc,745,['rock']
745,1.0,1.0,1.0,2.0,1.0,1.0,0.5,1.0,1.0,2.0,1.0,0.5,1.0,1.0,1.0,1.0,0.5,0.5,Small Fry Pokémon,Wishiwashi,746,['water']
746,0.5,1.0,1.0,2.0,0.5,0.5,0.5,1.0,1.0,1.0,2.0,0.5,1.0,0.5,2.0,1.0,0.5,0.5,Brutal Star Pokémon,Mareanie,747,"['poison', 'water']"
747,0.5,1.0,1.0,2.0,0.5,0.5,0.5,1.0,1.0,1.0,2.0,0.5,1.0,0.5,2.0,1.0,0.5,0.5,Brutal Star Pokémon,Toxapex,748,"['poison', 'water']"
748,1.0,1.0,1.0,0.0,1.0,1.0,1.0,1.0,1.0,2.0,1.0,2.0,1.0,0.5,1.0,0.5,1.0,2.0,Donkey Pokémon,Mudbray,749,['ground']
749,1.0,1.0,1.0,0.0,1.0,1.0,1.0,1.0,1.0,2.0,1.0,2.0,1.0,0.5,1.0,0.5,1.0,2.0,Draft Horse Pokémon,Mudsdale,750,['ground']
750,1.0,1.0,1.0,2.0,1.0,0.5,1.0,2.0,1.0,1.0,0.5,0.5,1.0,1.0,1.0,2.0,0.5,0.5,Water Bubble Pokémon,Dewpider,751,"['water', 'bug']"
751,1.0,1.0,1.0,2.0,1.0,0.5,1.0,2.0,1.0,1.0,0.5,0.5,1.0,1.0,1.0,2.0,0.5,0.5,Water Bubble Pokémon,Araquanid,752,"['water', 'bug']"
752,2.0,1.0,1.0,0.5,1.0,1.0,2.0,2.0,1.0,0.5,0.5,2.0,1.0,2.0,1.0,1.0,1.0,0.5,Sickle Grass Pokémon,Fomantis,753,['grass']
753,2.0,1.0,1.0,0.5,1.0,1.0,2.0,2.0,1.0,0.5,0.5,2.0,1.0,2.0,1.0,1.0,1.0,0.5,Bloom Sickle Pokémon,Lurantis,754,['grass']
754,1.0,0.5,0.0,0.5,1.0,0.5,2.0,2.0,1.0,0.5,0.5,2.0,1.0,4.0,1.0,1.0,2.0,0.5,Illuminating Pokémon,Morelull,755,"['grass', 'fairy']"
755,1.0,0.5,0.0,0.5,1.0,0.5,2.0,2.0,1.0,0.5,0.5,2.0,1.0,4.0,1.0,1.0,2.0,0.5,Illuminating Pokémon,Shiinotic,756,"['grass', 'fairy']"
756,0.25,1.0,1.0,1.0,0.25,0.5,0.5,1.0,1.0,0.25,4.0,0.5,1.0,0.5,2.0,2.0,0.5,2.0,Toxic Lizard Pokémon,Salandit,757,"['poison', 'fire']"
757,0.25,1.0,1.0,1.0,0.25,0.5,0.5,1.0,1.0,0.25,4.0,0.5,1.0,0.5,2.0,2.0,0.5,2.0,Toxic Lizard Pokémon,Salazzle,758,"['poison', 'fire']"
758,0.5,0.5,1.0,1.0,2.0,2.0,1.0,2.0,0.0,1.0,1.0,1.0,1.0,1.0,2.0,0.5,1.0,1.0,Flailing Pokémon,Stufful,759,"['normal', 'fighting']"
759,0.5,0.5,1.0,1.0,2.0,2.0,1.0,2.0,0.0,1.0,1.0,1.0,1.0,1.0,2.0,0.5,1.0,1.0,Strong Arm Pokémon,Bewear,760,"['normal', 'fighting']"
760,2.0,1.0,1.0,0.5,1.0,1.0,2.0,2.0,1.0,0.5,0.5,2.0,1.0,2.0,1.0,1.0,1.0,0.5,Fruit Pokémon,Bounsweet,761,['grass']
761,2.0,1.0,1.0,0.5,1.0,1.0,2.0,2.0,1.0,0.5,0.5,2.0,1.0,2.0,1.0,1.0,1.0,0.5,Fruit Pokémon,Steenee,762,['grass']
762,2.0,1.0,1.0,0.5,1.0,1.0,2.0,2.0,1.0,0.5,0.5,2.0,1.0,2.0,1.0,1.0,1.0,0.5,Fruit Pokémon,Tsareena,763,['grass']
763,0.5,0.5,0.0,1.0,1.0,0.5,1.0,1.0,1.0,1.0,1.0,1.0,1.0,2.0,1.0,1.0,2.0,1.0,Posy Picker Pokémon,Comfey,764,['fairy']
764,2.0,2.0,1.0,1.0,1.0,1.0,1.0,1.0,0.0,1.0,1.0,1.0,1.0,1.0,0.5,1.0,1.0,1.0,Sage Pokémon,Oranguru,765,"['normal', 'psychic']"
765,0.5,0.5,1.0,1.0,2.0,1.0,1.0,2.0,1.0,1.0,1.0,1.0,1.0,1.0,2.0,0.5,1.0,1.0,Teamwork Pokémon,Passimian,766,['fighting']
766,1.0,1.0,1.0,2.0,1.0,0.5,1.0,2.0,1.0,1.0,0.5,0.5,1.0,1.0,1.0,2.0,0.5,0.5,Turn Tail Pokémon,Wimpod,767,"['bug', 'water']"
767,1.0,1.0,1.0,2.0,1.0,0.5,1.0,2.0,1.0,1.0,0.5,0.5,1.0,1.0,1.0,2.0,0.5,0.5,Hard Scale Pokémon,Golisopod,768,"['bug', 'water']"
768,0.5,2.0,1.0,0.0,1.0,0.0,1.0,1.0,2.0,2.0,1.0,2.0,0.0,0.25,1.0,0.5,1.0,2.0,Sand Heap Pokémon,Sandygast,769,"['ghost', 'ground']"
769,0.5,2.0,1.0,0.0,1.0,0.0,1.0,1.0,2.0,2.0,1.0,2.0,0.0,0.25,1.0,0.5,1.0,2.0,Sand Castle Pokémon,Palossand,770,"['ghost', 'ground']"
770,1.0,1.0,1.0,2.0,1.0,1.0,0.5,1.0,1.0,2.0,1.0,0.5,1.0,1.0,1.0,1.0,0.5,0.5,Sea Cucumber Pokémon,Pyukumuku,771,['water']
771,1.0,1.0,1.0,1.0,1.0,2.0,1.0,1.0,0.0,1.0,1.0,1.0,1.0,1.0,1.0,1.0,1.0,1.0,Synthetic Pokémon,Type: Null,772,['normal']
772,1.0,1.0,1.0,1.0,1.0,2.0,1.0,1.0,0.0,1.0,1.0,1.0,1.0,1.0,1.0,1.0,1.0,1.0,Synthetic Pokémon,Silvally,773,['normal']
773,0.5,1.0,1.0,2.0,1.0,1.0,0.5,0.5,1.0,1.0,0.0,2.0,0.5,0.5,1.0,2.0,2.0,2.0,Meteor Pokémon,Minior,774,"['rock', 'flying']"
774,1.0,1.0,1.0,1.0,1.0,2.0,1.0,1.0,0.0,1.0,1.0,1.0,1.0,1.0,1.0,1.0,1.0,1.0,Drowsing Pokémon,Komala,775,['normal']
775,0.5,1.0,2.0,0.5,1.0,1.0,0.25,1.0,1.0,0.25,2.0,1.0,1.0,1.0,1.0,2.0,0.5,1.0,Blast Turtle Pokémon,Turtonator,776,"['fire', 'dragon']"
776,0.5,1.0,0.5,0.5,0.5,2.0,2.0,0.25,1.0,0.5,4.0,0.5,0.5,0.0,0.5,0.5,0.25,1.0,Roly-Poly Pokémon,Togedemaru,777,"['electric', 'steel']"
777,0.25,1.0,0.0,1.0,1.0,0.0,1.0,1.0,2.0,1.0,1.0,1.0,0.0,1.0,1.0,1.0,2.0,1.0,Disguise Pokémon,Mimikyu,778,"['ghost', 'fairy']"
778,2.0,2.0,1.0,2.0,1.0,0.5,0.5,1.0,2.0,2.0,1.0,0.5,1.0,1.0,0.5,1.0,0.5,0.5,Gnash Teeth Pokémon,Bruxish,779,"['water', 'psychic']"
779,1.0,1.0,2.0,0.5,2.0,2.0,0.5,1.0,0.0,0.5,1.0,2.0,1.0,1.0,1.0,1.0,1.0,0.5,Placid Pokémon,Drampa,780,"['normal', 'dragon']"
780,1.0,2.0,1.0,0.5,1.0,0.0,2.0,2.0,2.0,0.5,0.5,2.0,0.0,1.0,1.0,1.0,1.0,0.5,Sea Creeper Pokémon,Dhelmise,781,"['ghost', 'grass']"
781,1.0,1.0,2.0,0.5,2.0,1.0,0.5,1.0,1.0,0.5,1.0,2.0,1.0,1.0,1.0,1.0,1.0,0.5,Scaly Pokémon,Jangmo-o,782,['dragon']
782,0.5,0.5,2.0,0.5,4.0,1.0,0.5,2.0,1.0,0.5,1.0,2.0,1.0,1.0,2.0,0.5,1.0,0.5,Scaly Pokémon,Hakamo-o,783,"['dragon', 'fighting']"
783,0.5,0.5,2.0,0.5,4.0,1.0,0.5,2.0,1.0,0.5,1.0,2.0,1.0,1.0,2.0,0.5,1.0,0.5,Scaly Pokémon,Kommo-o,784,"['dragon', 'fighting']"
784,0.5,0.5,0.0,0.5,1.0,0.5,1.0,0.5,1.0,1.0,2.0,1.0,1.0,2.0,1.0,1.0,1.0,1.0,Land Spirit Pokémon,Tapu Koko,785,"['electric', 'fairy']"
785,1.0,1.0,0.0,1.0,1.0,0.25,1.0,1.0,2.0,1.0,1.0,1.0,1.0,2.0,0.5,1.0,2.0,1.0,Land Spirit Pokémon,Tapu Lele,786,"['psychic', 'fairy']"
786,1.0,0.5,0.0,0.5,1.0,0.5,2.0,2.0,1.0,0.5,0.5,2.0,1.0,4.0,1.0,1.0,2.0,0.5,Land Spirit Pokémon,Tapu Bulu,787,"['grass', 'fairy']"
787,0.5,0.5,0.0,2.0,1.0,0.5,0.5,1.0,1.0,2.0,1.0,0.5,1.0,2.0,1.0,1.0,1.0,0.5,Land Spirit Pokémon,Tapu Fini,788,"['water', 'fairy']"
788,2.0,2.0,1.0,1.0,1.0,0.5,1.0,1.0,2.0,1.0,1.0,1.0,1.0,1.0,0.5,1.0,1.0,1.0,Nebula Pokémon,Cosmog,789,['psychic']
789,2.0,2.0,1.0,1.0,1.0,0.5,1.0,1.0,2.0,1.0,1.0,1.0,1.0,1.0,0.5,1.0,1.0,1.0,Protostar Pokémon,Cosmoem,790,['psychic']
790,1.0,2.0,0.5,1.0,0.5,1.0,2.0,0.5,2.0,0.5,2.0,0.5,0.5,0.0,0.25,0.5,0.5,1.0,Sunne Pokémon,Solgaleo,791,"['psychic', 'steel']"
791,1.0,4.0,1.0,1.0,1.0,0.0,1.0,1.0,4.0,1.0,1.0,1.0,0.0,0.5,0.5,1.0,1.0,1.0,Moone Pokémon,Lunala,792,"['psychic', 'ghost']"
792,0.5,1.0,1.0,1.0,0.5,1.0,0.5,0.5,1.0,1.0,4.0,1.0,0.5,0.25,2.0,1.0,2.0,2.0,Parasite Pokémon,Nihilego,793,"['rock', 'poison']"
793,0.5,0.5,1.0,1.0,2.0,0.5,2.0,4.0,1.0,0.5,0.5,1.0,1.0,1.0,2.0,1.0,1.0,1.0,Swollen Pokémon,Buzzwole,794,"['bug', 'fighting']"
794,0.5,0.5,1.0,1.0,2.0,0.5,2.0,4.0,1.0,0.5,0.5,1.0,1.0,1.0,2.0,1.0,1.0,1.0,Lissome Pokémon,Pheromosa,795,"['bug', 'fighting']"
795,1.0,1.0,1.0,0.5,1.0,1.0,1.0,0.5,1.0,1.0,2.0,1.0,1.0,1.0,1.0,1.0,0.5,1.0,Glowing Pokémon,Xurkitree,796,['electric']
796,0.25,1.0,0.5,2.0,0.5,1.0,2.0,0.5,1.0,0.25,0.0,1.0,0.5,0.0,0.5,1.0,0.5,1.0,Launch Pokémon,Celesteela,797,"['steel', 'flying']"
797,1.0,1.0,0.5,0.5,0.5,2.0,4.0,1.0,1.0,0.25,1.0,1.0,0.5,0.0,0.5,0.5,0.5,0.5,Drawn Sword Pokémon,Kartana,798,"['grass', 'steel']"
798,2.0,0.5,2.0,0.5,4.0,2.0,0.5,1.0,0.5,0.5,1.0,2.0,1.0,1.0,0.0,1.0,1.0,0.5,Junkivore Pokémon,Guzzlord,799,"['dark', 'dragon']"
799,2.0,2.0,1.0,1.0,1.0,0.5,1.0,1.0,2.0,1.0,1.0,1.0,1.0,1.0,0.5,1.0,1.0,1.0,Prism Pokémon,Necrozma,800,['psychic']
800,0.25,0.5,0.0,1.0,0.5,1.0,2.0,0.5,1.0,0.5,2.0,0.5,0.5,0.0,0.5,0.5,1.0,1.0,Artificial Pokémon,Magearna,801,"['steel', 'fairy']"
